metric_time,backlog_00_10_3_reload,t1_00_10_3_reload,t2_00_10_3_reload,s3uploadcpu,s3uploaddisk,s3uploadmemory,outage
7/15/18 0:05,10005,,,2,17.84258706,23.56224693,1
7/15/18 0:10,10005,,,2,17.84418324,23.5606724,1
7/15/18 0:15,10005,,,2,17.84546796,23.57083068,1
7/15/18 0:20,10005,,,2,17.84700964,23.57794148,1
7/15/18 0:25,10005,,,2,17.8483333,23.5731163,1
7/15/18 0:30,10005,,,2,17.85010856,23.57682407,1
7/15/18 0:35,10005,,,2,17.85122977,23.58129372,1
7/15/18 0:40,10005,,,2,17.85233542,23.57601141,1
7/15/18 0:45,10005,,,2,17.85343328,23.58520466,1
7/15/18 0:50,10005,,,2,17.85472579,23.59170596,1
7/15/18 0:55,10005,,,2,17.85583143,23.59343287,1
7/15/18 1:00,10005,,,2,17.85806608,23.60140713,1
7/15/18 1:05,10005,,,2,17.8591873,23.59983259,1
7/15/18 1:10,10005,,,2,17.86062775,23.60430224,1
7/15/18 1:15,10005,,,2,17.86227843,23.60902584,1
7/15/18 1:20,10005,,,2,17.86342301,23.60790843,1
7/15/18 1:25,10005,,,2,17.86550972,23.61628902,1
7/15/18 1:30,10005,,,2,17.86683338,23.61689851,1
7/15/18 1:35,10005,,,2,17.86797795,23.61471448,1
7/15/18 1:40,10005,,,2,17.86906024,23.62131737,1
7/15/18 1:45,10005,,,2,17.87015031,23.62573622,1
7/15/18 1:50,10005,,,2,17.87121702,23.62995191,1
7/15/18 1:55,10005,,,2,17.87275091,23.6412784,1
7/15/18 2:00,10005,,,2,17.87471304,23.64071969,1
7/15/18 2:05,10005,,,2,17.87644937,23.64361481,1
7/15/18 2:10,10005,,,2,17.88004661,23.64386876,1
7/15/18 2:15,10005,,,2,17.88114446,23.64813524,1
7/15/18 2:20,10005,,,2,17.88681284,23.64427509,1
7/15/18 2:25,10005,,,2,17.88785619,23.64818603,1
7/15/18 2:30,10005,,,2,17.88925771,23.64970978,1
7/15/18 2:35,10005,,,2,17.89030885,23.6543318,1
7/15/18 2:40,10005,,,2,17.89137557,23.66012202,1
7/15/18 2:45,12267,,,2,17.89245785,23.66515037,1
7/15/18 2:50,12267,,,2,17.89480151,23.66347426,1
7/15/18 2:55,12267,,,2,17.89586044,23.66809628,1
7/15/18 3:00,12267,,,21,17.89747219,23.68348608,1
7/15/18 3:05,,,,46,17.89948103,20.30712563,1
7/15/18 3:10,2000,,,3,17.90285247,20.4460402,0
7/15/18 3:15,494,,,2,17.90535185,20.46457907,0
7/15/18 3:20,394,,,2,17.90697917,20.1632843,0
7/15/18 3:25,284,,,1,17.90847413,19.84268878,0
7/15/18 3:30,5924,,,1,17.91211808,19.84802188,0
7/15/18 3:35,5874,,,1,17.9136909,19.54169875,0
7/15/18 3:40,3710,,,1,17.91432158,19.25305104,0
7/15/18 3:45,6695,,,1,17.91486662,18.9604416,0
7/15/18 3:50,6587,,,0,17.91517028,18.96633341,0
7/15/18 3:55,6480,,,0,17.91552845,18.96999039,0
7/15/18 4:00,6371,,,1,17.91851058,18.97379975,0
7/15/18 4:05,6297,,,1,17.92047271,18.4672568,0
7/15/18 4:10,6207,,,1,17.92075301,18.46578384,0
7/15/18 4:15,6100,,,2,17.92408552,18.50199813,0
7/15/18 4:20,6046,,,1,17.92592307,18.06163642,0
7/15/18 4:25,5931,,,2,17.92684184,17.93608,0
7/15/18 4:30,5804,,,2,17.92961374,17.74586609,0
7/15/18 4:35,5705,,,1,17.93047022,17.56987377,0
7/15/18 4:40,5604,,,0,17.93075053,17.56992456,0
7/15/18 4:45,5502,,,1,17.93151358,17.56926428,0
7/15/18 4:50,5399,,,0,17.93199632,17.43121316,0
7/15/18 4:55,5295,,,2,17.93335891,17.43131475,0
7/15/18 5:00,5209,,,1,17.9363644,16.8589461,0
7/15/18 5:05,5112,,,1,17.93886378,16.59864001,0
7/15/18 5:10,5011,,,1,17.9396969,16.46937581,0
7/15/18 5:15,4923,,,3,17.94357445,16.34188932,0
7/15/18 5:20,4837,,,1,17.94805153,15.9744641,0
7/15/18 5:25,4743,,,1,17.94842527,15.6774358,0
7/15/18 5:30,4641,,,1,17.95087014,15.57829093,0
7/15/18 5:35,4543,,,1,17.95230281,15.46538158,0
7/15/18 5:40,4440,,,1,17.95495013,15.39914955,0
7/15/18 5:45,4336,,,2,17.95878095,15.21670672,0
7/15/18 5:50,4237,,,1,17.96427803,14.96208928,0
7/15/18 5:55,4137,,,1,17.96906656,14.53833636,0
7/15/18 6:00,4030,,,1,17.97443906,14.29022021,0
7/15/18 6:05,3943,,,1,17.9789395,13.87301939,0
7/15/18 6:10,3875,,,1,17.98354894,13.64196916,0
7/15/18 6:15,3788,,,1,17.98914724,13.45327899,0
7/15/18 6:20,3693,,,0,17.99091472,13.33437625,0
7/15/18 6:25,3596,,,1,17.99390463,13.30319031,0
7/15/18 6:30,3503,,,2,18.00005575,13.3157358,0
7/15/18 6:35,3414,,,1,18.00198673,13.35921326,0
7/15/18 6:40,3322,,,1,18.00402673,13.38755488,0
7/15/18 6:45,3226,,,1,18.0064171,13.41833449,0
7/15/18 6:50,3134,,,1,18.00949266,13.45475194,0
7/15/18 6:55,3038,,,1,18.01185967,13.48080795,0
7/15/18 7:00,2955,,,1,18.01548027,13.50681316,0
7/15/18 7:05,2858,,,0,18.01686622,13.52037448,0
7/15/18 7:10,2770,,,1,18.0181743,13.5457194,0
7/15/18 7:15,2678,,,1,18.02010529,13.57680376,0
7/15/18 7:20,2587,,,1,18.02091506,13.58294952,0
7/15/18 7:25,2493,,,1,18.01882835,13.59381889,0
7/15/18 7:30,2396,,,1,18.02109414,13.62388741,0
7/15/18 7:35,2299,,,1,18.02191948,13.62251605,0
7/15/18 7:40,2207,,,1,18.02345337,13.64760701,0
7/15/18 7:45,2110,,,1,18.02425535,13.65177191,0
7/15/18 7:50,2014,,,1,18.02565687,13.66553639,0
7/15/18 7:55,1918,,,1,18.0269961,13.67391697,0
7/15/18 8:00,1818,,,1,18.02990036,13.69905873,0
7/15/18 8:05,1735,,,1,18.03199486,13.71871502,0
7/15/18 8:10,1630,,,1,18.0332173,13.72374337,0
7/15/18 8:15,1537,,,1,18.03466554,13.73730468,0
7/15/18 8:20,1428,,,1,18.03697805,13.74639635,0
7/15/18 8:25,1330,,,1,18.03848857,13.76442731,0
7/15/18 8:30,1228,,,1,18.04027941,13.77296027,0
7/15/18 8:35,1131,,,1,18.04310581,13.78276301,0
7/15/18 8:40,1030,,,1,18.04365863,13.78738503,0
7/15/18 8:45,926,,,0,18.04482656,13.80678736,0
7/15/18 8:50,825,,,1,18.04623587,13.81339025,0
7/15/18 8:55,722,,,0,18.04769968,13.82050105,0
7/15/18 9:00,622,,,1,18.05075188,13.83360524,0
7/15/18 9:05,544,,,0,18.0514215,13.83609402,0
7/15/18 9:10,447,,,1,18.05328241,13.85712167,0
7/15/18 9:15,341,,,0,18.0540766,13.86900686,0
7/15/18 9:20,233,,,1,18.05544698,13.87428917,0
7/15/18 9:25,124,,,1,18.05680178,13.875305,0
7/15/18 9:30,17,,,1,18.05814102,13.90217367,0
7/15/18 9:35,2,,,1,18.05997078,13.90740519,0
7/15/18 9:40,2,,,1,18.06081169,13.91197642,0
7/15/18 9:45,2,,,1,18.06162925,13.92249024,0
7/15/18 9:50,2,,,1,18.0623923,13.9274678,0
7/15/18 9:55,2,,,0,18.06260253,13.929855,0
7/15/18 10:00,2,,,1,18.06449458,13.947632,0
7/15/18 10:05,2,,,0,18.06541335,13.95545388,0
7/15/18 10:10,2,,,1,18.06565473,13.95580942,0
7/15/18 10:15,2,,,1,18.06661243,13.95738396,0
7/15/18 10:20,2,,,0,18.06683823,13.96693275,0
7/15/18 10:25,2,,,0,18.06714968,13.96805016,0
7/15/18 10:30,2,,,1,18.06760907,13.96693275,0
7/15/18 10:35,2,,,1,18.06899502,13.97561808,0
7/15/18 10:40,2,,,1,18.06935319,13.9784624,0
7/15/18 10:45,2,,,0,18.07013959,13.98592874,0
7/15/18 10:50,2,,,0,18.07045883,13.99171896,0
7/15/18 10:55,2,,,0,18.07070799,13.99324271,0
7/15/18 11:00,2,,,1,18.07161898,13.99872818,0
7/15/18 11:05,2,,,0,18.07182921,14.00294387,0
7/15/18 11:10,2,,,1,18.07204722,14.00020113,0
7/15/18 11:15,2,,,0,18.07226524,14.00558503,0
7/15/18 11:20,2,,,0,18.07272462,14.00787064,0
7/15/18 11:25,2,,,0,18.07293485,14.01691152,0
7/15/18 11:30,2,,,0,18.07350325,14.01823209,0
7/15/18 11:35,2,,,0,18.07376019,14.0288475,0
7/15/18 11:40,2,,,1,18.07406385,14.03748205,0
7/15/18 11:45,2,,,0,18.07428187,14.03534881,0
7/15/18 11:50,2,,,0,18.0744921,14.03555197,0
7/15/18 11:55,2,,,0,18.07471011,14.03854867,0
7/15/18 12:00,2,,,1,18.07574568,14.04667529,0
7/15/18 12:05,2,,,0,18.07595591,14.04682767,0
7/15/18 12:10,2,,,1,18.07617392,14.04616738,0
7/15/18 12:15,2,,,1,18.07650873,14.05937315,0
7/15/18 12:20,2,,,0,18.07682797,14.05805258,0
7/15/18 12:25,2,,,1,18.07735743,14.06120164,0
7/15/18 12:30,2,,,1,18.07783239,14.06277618,0
7/15/18 12:35,2,,,0,18.07803483,14.06130323,0
7/15/18 12:40,2,,,1,18.07826063,14.06876957,0
7/15/18 12:45,2,,,1,18.07905483,14.0697346,0
7/15/18 12:50,2,,,0,18.07927284,14.07811519,0
7/15/18 12:55,2,,,0,18.07949086,14.07862311,0
7/15/18 13:00,2,,,0,18.08056535,14.08156901,0
7/15/18 13:05,2,,,0,18.08093909,14.07994368,0
7/15/18 13:10,2,,,1,18.08150749,14.09198125,0
7/15/18 13:15,2,,,0,18.0817255,14.09142255,0
7/15/18 13:20,2,,,0,18.08193573,14.09838097,0
7/15/18 13:25,2,,,0,18.08216932,14.09899047,0
7/15/18 13:30,2,,,0,18.08262871,14.0993968,0
7/15/18 13:35,2,,,0,18.08284672,14.10960588,0
7/15/18 13:40,2,,,1,18.08306473,14.11163754,0
7/15/18 13:45,2,,,0,18.08328275,14.10996142,0
7/15/18 13:50,2,,,0,18.08349298,14.11615797,0
7/15/18 13:55,2,,,0,18.08371099,14.11595481,0
7/15/18 14:00,2,,,1,18.08417817,14.11864675,0
7/15/18 14:05,2,,,1,18.08439618,14.12601151,0
7/15/18 14:10,2,,,1,18.08461419,14.12575755,0
7/15/18 14:15,2,,,3,18.08485557,14.15795932,0
7/15/18 14:20,10000,,,6,18.08516702,16.80845941,0
7/15/18 14:25,,,,3,18.08538503,17.47692545,0
7/15/18 14:30,9908,,,1,18.08592228,17.44441894,0
7/15/18 14:35,9800,,,1,18.08621037,17.44452052,0
7/15/18 14:40,9693,,,1,18.08649846,17.44380944,0
7/15/18 14:45,9584,,,0,18.08679434,17.44467289,0
7/15/18 14:50,9477,,,0,18.08709021,17.44365706,0
7/15/18 14:55,9370,,,0,18.08737831,17.44472368,0
7/15/18 15:00,9263,,,0,18.08791555,17.44446973,0
7/15/18 15:05,9157,,,1,18.08819586,17.44614584,0
7/15/18 15:10,9049,,,1,18.08848395,17.44741563,0
7/15/18 15:15,8940,,,0,18.08877983,17.44746642,0
7/15/18 15:20,8833,,,0,18.08906792,17.44711088,0
7/15/18 15:25,8724,,,0,18.08935601,17.47438588,0
7/15/18 15:30,8616,,,1,18.08988547,17.47651912,0
7/15/18 15:35,8508,,,0,18.09018135,17.47575725,0
7/15/18 15:40,8399,,,1,18.09046165,17.47575725,0
7/15/18 15:45,8291,,,0,18.09075753,17.47504617,0
7/15/18 15:50,8183,,,0,18.09103783,17.47601121,0
7/15/18 15:55,8076,,,0,18.09133371,17.47804286,0
7/15/18 16:00,7970,,,1,18.09187096,17.52299328,0
7/15/18 16:05,7862,,,0,18.09215905,17.52426307,0
7/15/18 16:10,7754,,,1,18.09244714,17.52395832,0
7/15/18 16:15,7647,,,1,18.09272744,17.52314566,0
7/15/18 16:20,7539,,,1,18.09301553,17.52604077,0
7/15/18 16:25,7431,,,0,18.0933192,17.52451702,0
7/15/18 16:30,7324,,,1,18.09404332,17.52314566,0
7/15/18 16:35,7217,,,0,18.09433919,17.52573602,0
7/15/18 16:40,7109,,,0,18.09462728,17.52558364,0
7/15/18 16:45,7001,,,0,18.09490759,17.52665026,0
7/15/18 16:50,6893,,,0,18.09518789,17.52680264,0
7/15/18 16:55,6785,,,0,18.09548377,17.52461861,0
7/15/18 17:00,6679,,,0,18.09602102,17.52624393,0
7/15/18 17:05,6570,,,0,18.09630911,17.52781847,0
7/15/18 17:10,6464,,,1,18.0965972,17.52832638,0
7/15/18 17:15,6354,,,0,18.09688529,17.53152624,0
7/15/18 17:20,6247,,,1,18.09718117,17.52918984,0
7/15/18 17:25,6139,,,0,18.09747704,17.52852955,0
7/15/18 17:30,6032,,,1,18.09798315,17.52868192,0
7/15/18 17:35,5924,,,0,18.09827124,17.52639631,0
7/15/18 17:40,5816,,,1,18.09855154,17.52492336,0
7/15/18 17:45,5708,,,0,18.09883963,17.52665026,0
7/15/18 17:50,5600,,,1,18.09912772,17.52751372,0
7/15/18 17:55,5492,,,0,18.09943139,17.5287835,0
7/15/18 18:00,5384,,,0,18.09996085,17.53045962,0
7/15/18 18:05,5279,,,0,18.10024116,17.52985012,0
7/15/18 18:10,5173,,,1,18.10052925,17.52949458,0
7/15/18 18:15,5064,,,0,18.10080176,17.53274524,0
7/15/18 18:20,4957,,,0,18.10109764,17.53396423,0
7/15/18 18:25,4849,,,0,18.10138573,17.53442135,0
7/15/18 18:30,4741,,,0,18.10192298,17.52974854,0
7/15/18 18:35,4634,,,0,18.10220328,17.53467531,0
7/15/18 18:40,4527,,,1,18.10249916,17.55590613,0
7/15/18 18:45,4418,,,0,18.10280282,17.55600771,0
7/15/18 18:50,4310,,,0,18.10308313,17.55539821,0
7/15/18 18:55,4203,,,0,18.10337122,17.56291535,0
7/15/18 19:00,4096,,,0,18.10390068,17.56611521,0
7/15/18 19:05,3990,,,0,18.1041732,17.56423592,0
7/15/18 19:10,3883,,,1,18.10446908,17.56596283,0
7/15/18 19:15,3776,,,0,18.10475717,17.56403276,0
7/15/18 19:20,3668,,,0,18.10504526,17.56418513,0
7/15/18 19:25,3561,,,0,18.10532556,17.56306772,0
7/15/18 19:30,3454,,,1,18.10585503,17.56433751,0
7/15/18 19:35,3347,,,0,18.10614312,17.56291535,0
7/15/18 19:40,3240,,,0,18.10643121,17.5649978,0
7/15/18 19:45,3134,,,0,18.1067193,17.56581046,0
7/15/18 19:50,3026,,,0,18.10700739,17.56469305,0
7/15/18 19:55,2916,,,0,18.10731105,17.56474384,0
7/15/18 20:00,2806,,,0,18.1078483,17.5655565,0
7/15/18 20:05,2700,,,0,18.10813639,17.56443909,0
7/15/18 20:10,2592,,,1,18.10842448,17.56611521,0
7/15/18 20:15,2485,,,0,18.10870479,17.56464226,0
7/15/18 20:20,2378,,,0,18.10899288,17.56591204,0
7/15/18 20:25,2270,,,0,18.10928097,17.56636916,0
7/15/18 20:30,2161,,,0,18.10981822,17.56489621,0
7/15/18 20:35,2054,,,1,18.11011409,17.56570888,0
7/15/18 20:40,1945,,,1,18.1103944,17.56738499,0
7/15/18 20:45,1838,,,0,18.11068249,17.56596283,0
7/15/18 20:50,1731,,,0,18.11096279,17.56565808,0
7/15/18 20:55,1622,,,0,18.11127424,17.56565808,0
7/15/18 21:00,1513,,,0,18.1118037,17.56845161,0
7/15/18 21:05,1405,,,0,18.11209958,17.56575967,0
7/15/18 21:10,1294,,,1,18.11237989,17.56581046,0
7/15/18 21:15,1187,,,0,18.11266019,17.5667247,0
7/15/18 21:20,1078,,,0,18.11296385,17.56718183,0
7/15/18 21:25,970,,,0,18.11325973,17.56763895,0
7/15/18 21:30,860,,,0,18.11399942,17.56560729,0
7/15/18 21:35,750,,,0,18.1142953,17.56921348,0
7/15/18 21:40,641,,,1,18.1145756,17.56845161,0
7/15/18 21:45,533,,,0,18.11486369,17.56702945,0
7/15/18 21:50,425,,,0,18.115144,17.5667247,0
7/15/18 21:55,315,,,0,18.11580583,17.56799449,0
7/15/18 22:00,206,,,1,18.1171217,17.56880715,0
7/15/18 22:05,98,,,0,18.117402,17.57012773,0
7/15/18 22:10,1,,,1,18.11759666,17.56819766,0
7/15/18 22:15,1,,,0,18.11779131,17.56961982,0
7/15/18 22:20,1,,,4,18.11796261,17.57099118,0
7/15/18 22:25,1,,,0,18.11812612,17.57256572,0
7/15/18 22:30,1,,,0,18.11856215,17.57287047,0
7/15/18 22:35,1,,,0,18.11931742,17.56951823,0
7/15/18 22:40,1,,,0,18.11948871,17.57358155,0
7/15/18 22:45,1,,,0,18.11967558,17.57302284,0
7/15/18 22:50,1,,,0,18.11985467,17.57144831,0
7/15/18 22:55,1,,,0,18.12002596,17.57302284,0
7/15/18 23:00,1,,,0,18.12071894,17.57535925,0
7/15/18 23:05,1,,,0,18.12111603,17.57408946,0
7/15/18 23:10,1,,,0,18.12201145,17.57292126,0
7/15/18 23:15,1,,,0,18.12218275,17.42552452,0
7/15/18 23:20,1,,,0,18.12236962,17.42709906,0
7/15/18 23:25,1,,,0,18.12254091,17.4238992,0
7/15/18 23:30,1,,,0,18.12297694,17.42318812,0
7/15/18 23:35,1,,,0,18.12314824,17.26929008,0
7/15/18 23:40,1,,,0,18.12331954,17.2726931,0
7/15/18 23:45,1,,,0,18.1244719,17.27355656,0
7/15/18 23:50,1,,,0,18.12479113,17.14607006,0
7/15/18 23:55,1,,,0,18.12535174,17.14429236,0
7/24/18 0:05,4,,,1,21.46437473,19.06827181,0
7/24/18 0:10,4,,,0,21.46562053,19.06502116,0
7/24/18 0:15,4,,,0,21.46713884,19.06634174,0
7/24/18 0:20,4,,,0,21.46831456,19.06293871,0
7/24/18 0:25,4,,,0,21.46982509,19.05735165,0
7/24/18 0:30,4,,,0,21.47124219,19.05775798,0
7/24/18 0:35,4,,,0,21.47238676,19.0606531,0
7/24/18 0:40,4,,,0,21.47353134,19.05212014,0
7/24/18 0:45,4,,,0,21.47465256,19.04785366,0
7/24/18 0:50,4,,,0,21.47669255,19.04866632,0
7/24/18 0:55,4,,,0,21.47780598,19.05100272,0
7/24/18 1:00,4,,,0,21.48020414,19.05201855,0
7/24/18 1:05,4,,,0,21.481411,19.05298359,0
7/24/18 1:10,4,,,0,21.48258672,19.04958056,0
7/24/18 1:15,4,,,0,21.48377802,19.04516171,0
7/24/18 1:20,4,,,0,21.48627739,19.04683783,0
7/24/18 1:25,4,,,0,21.48795143,19.04313005,0
7/24/18 1:30,4,,,0,21.48937631,19.04145394,0
7/24/18 1:35,4,,,0,21.49103478,19.03708587,0
7/24/18 1:40,4,,,0,21.49219493,19.03261623,0
7/24/18 1:45,4,,,0,21.49438286,19.03566371,0
7/24/18 1:50,4,,,0,21.4963372,19.03129565,0
7/24/18 1:55,4,,,0,21.49746621,19.03754299,0
7/24/18 2:00,4,,,0,21.49967749,19.03754299,0
7/24/18 2:05,4,,,0,21.50195886,19.04013336,0
7/24/18 2:10,4,,,0,21.50417793,19.0393207,0
7/24/18 2:15,4,,,0,21.50562617,19.0357145,0
7/24/18 2:20,4,,,0,21.50944921,19.03429234,0
7/24/18 2:25,4,,,1,21.51261821,19.03662875,0
7/24/18 2:30,4,,,0,21.51528888,19.03876199,0
7/24/18 2:35,4,,,0,21.51726659,19.03561292,0
7/24/18 2:40,4,,,0,21.52011634,19.04089523,0
7/24/18 2:45,4,,,0,21.52299725,19.03622242,0
7/24/18 2:50,4,,,0,21.52432091,19.03723825,0
7/24/18 2:55,4,,,0,21.52591709,19.03881278,0
7/24/18 3:00,4,,,0,21.52869677,19.03921911,0
7/24/18 3:05,4,,,0,21.53124287,19.0398794,0
7/24/18 3:10,4,,,0,21.53569659,19.05384704,0
7/24/18 3:15,4,,,1,21.53971428,19.05516762,0
7/24/18 3:20,4,,,0,21.54219809,19.07065901,0
7/24/18 3:25,4,,,0,21.5464338,19.06918606,0
7/24/18 3:30,4,,,0,21.54981302,19.08599802,0
7/24/18 3:35,4,,,0,21.55196202,19.0825442,0
7/24/18 3:40,4,,,0,21.55348812,19.08868997,0
7/24/18 3:45,4,,,0,21.55503758,19.09011213,0
7/24/18 3:50,4,,,0,21.55627559,19.08955342,0
7/24/18 3:55,4,,,0,21.55741238,19.08985817,0
7/24/18 4:00,4,,,0,21.56145343,19.09036608,0
7/24/18 4:05,4,,,0,21.56396839,19.09331199,0
7/24/18 4:10,4,,,0,21.56510517,19.09163587,0
7/24/18 4:15,4,,,0,21.56874913,19.09031529,0
7/24/18 4:20,4,,,0,21.57110836,19.08838522,0
7/24/18 4:25,4,,,0,21.57299262,19.08706464,0
7/24/18 4:30,4,,,0,21.57637185,19.0837632,0
7/24/18 4:35,4,,,0,21.57904252,19.0873186,0
7/24/18 4:40,4,,,0,21.58020267,19.08396636,0
7/24/18 4:45,4,,,0,21.58221931,19.11972353,0
7/24/18 4:50,4,,,0,21.5833561,19.12150123,0
7/24/18 4:55,4,,,0,21.58547395,19.12272023,0
7/24/18 5:00,4,,,1,21.59045714,19.12129807,0
7/24/18 5:05,4,,,0,21.59336919,19.12378685,0
7/24/18 5:10,4,,,0,21.59655375,19.12327893,0
7/24/18 5:15,4,,,0,21.5989597,19.12312656,0
7/24/18 5:20,4,,,0,21.60197297,19.12439634,0
7/24/18 5:25,4,,,0,21.60476044,19.12216152,0
7/24/18 5:30,4,,,0,21.60731432,19.12434555,0
7/24/18 5:35,4,,,0,21.6098682,19.12338052,0
7/24/18 5:40,4,,,1,21.61478131,19.11941878,0
7/24/18 5:45,4,,,1,21.61947641,19.12419318,0
7/24/18 5:50,4,,,1,21.62635165,19.12520901,0
7/24/18 5:55,76,,,0,21.63133484,19.15796948,0
7/24/18 6:00,4,,,1,21.63753267,19.15593782,0
7/24/18 6:05,4,,,0,21.6439641,19.15802027,0
7/24/18 6:10,4,,,1,21.6519917,19.1625915,0
7/24/18 6:15,4,,,1,21.65667901,19.16584215,0
7/24/18 6:20,4,,,0,21.65875015,19.16609611,0
7/24/18 6:25,4,,,0,21.66114052,19.16523266,0
7/24/18 6:30,4,,,1,21.66821042,19.18524448,0
7/24/18 6:35,4,,,1,21.67265635,19.21836049,0
7/24/18 6:40,4,,,1,21.67795877,19.22293172,0
7/24/18 6:45,4,,,0,21.68192975,19.21978265,0
7/24/18 6:50,4,,,0,21.68562821,19.21968107,0
7/24/18 6:55,4,,,0,21.68871156,19.22181431,0
7/24/18 7:00,4,,,1,21.69170925,19.2236428,0
7/24/18 7:05,4,,,0,21.69472253,19.22191589,0
7/24/18 7:10,4,,,5,21.69630313,19.22105244,0
7/24/18 7:15,4,,,0,21.69862343,19.23100756,0
7/24/18 7:20,4,,,1,21.7018625,19.23263289,0
7/24/18 7:25,4,,,0,21.70403485,19.22994094,0
7/24/18 7:30,4,,,1,21.70743744,19.23034727,0
7/24/18 7:35,4,,,0,21.7088701,19.22740137,0
7/24/18 7:40,4,,,0,21.71132277,19.23695016,0
7/24/18 7:45,4,,,0,21.71364306,19.24040397,0
7/24/18 7:50,4,,,0,21.7161658,19.23755965,0
7/24/18 7:55,4,,,0,21.71734152,19.23761045,0
7/24/18 8:00,4,,,1,21.72225463,19.23441059,0
7/24/18 8:05,4,,,1,21.72645141,19.2989157,0
7/24/18 8:10,,,,0,21.72774392,19.29581743,0
7/24/18 8:15,,,,0,21.72967491,19.29424289,0
7/24/18 8:20,,,,0,21.73085841,19.2431975,0
7/24/18 8:25,,,,0,21.73253245,19.24507679,0
7/24/18 8:30,,,,0,21.73362252,19.24929248,0
7/24/18 8:35,,,,1,21.73549901,19.24903852,0
7/24/18 8:40,,,,0,21.73690831,19.27245337,0
7/24/18 8:45,,,,0,21.73782709,19.2693043,0
7/24/18 8:50,,,,0,21.73901838,19.26793293,0
7/24/18 8:55,,,,1,21.74070021,19.26839005,0
7/24/18 9:00,,,,1,21.74395485,19.26762818,0
7/24/18 9:05,,,,0,21.74502156,19.26478386,0
7/24/18 9:10,,,,0,21.7455121,19.26879639,0
7/24/18 9:15,,,,0,21.74627515,19.26823768,0
7/24/18 9:20,,,,0,21.74699148,19.27270733,0
7/24/18 9:25,,,,1,21.74900033,19.26651077,0
7/24/18 9:30,,,,0,21.75021498,19.27057409,0
7/24/18 9:35,,,,0,21.75173329,19.27143754,0
7/24/18 9:40,,,,0,21.75332947,19.26981221,0
7/24/18 9:45,,,,0,21.75482443,19.28337353,0
7/24/18 9:50,,,,0,21.75662304,19.28855425,0
7/24/18 9:55,,,,0,21.75679434,19.28819871,0
7/24/18 10:00,,,,0,21.75843724,19.28438935,0
7/24/18 10:05,,,,0,21.75925479,19.28560835,0
7/24/18 10:10,,,,0,21.76057845,19.29165253,0
7/24/18 10:15,,,,0,21.76124806,19.28931612,0
7/24/18 10:20,,,,0,21.76138822,19.28896058,0
7/24/18 10:25,,,,0,21.76152837,19.29119541,0
7/24/18 10:30,,,,0,21.76167631,19.29261757,0
7/24/18 10:35,,,,0,21.76295325,19.28840188,0
7/24/18 10:40,,,,0,21.76328027,19.28626864,0
7/24/18 10:45,,,,0,21.76400439,19.28906217,0
7/24/18 10:50,,,,0,21.76415233,19.2918557,0
7/24/18 10:55,,,,0,21.76427691,19.28692893,0
7/24/18 11:00,,,,0,21.76475965,19.28921454,0
7/24/18 11:05,,,,0,21.76490759,19.29200807,0
7/24/18 11:10,,,,0,21.76504774,19.29068749,0
7/24/18 11:15,,,,0,21.76520347,19.28982404,0
7/24/18 11:20,,,,0,21.76533583,19.28936692,0
7/24/18 11:25,,,,0,21.76548377,19.29327786,0
7/24/18 11:30,,,,0,21.76562392,19.28814792,0
7/24/18 11:35,,,,0,21.76576408,19.28764001,0
7/24/18 11:40,,,,0,21.76589644,19.2835259,0
7/24/18 11:45,,,,0,21.76603659,19.29068749,0
7/24/18 11:50,,,,0,21.76619232,19.28794476,0
7/24/18 11:55,,,,0,21.7675627,19.29398894,0
7/24/18 12:00,,,,0,21.76782743,19.29307469,0
7/24/18 12:05,,,,0,21.76868391,19.28951929,0
7/24/18 12:10,,,,0,21.76911216,19.28814792,0
7/24/18 12:15,,,,0,21.76935353,19.28982404,0
7/24/18 12:20,,,,0,21.76947811,19.29043354,0
7/24/18 12:25,,,,0,21.7699375,19.28758922,0
7/24/18 12:30,,,,0,21.77006207,19.28794476,0
7/24/18 12:35,,,,0,21.7702178,19.28809713,0
7/24/18 12:40,,,,0,21.77035017,19.29038274,0
7/24/18 12:45,,,,0,21.77077062,19.29475081,0
7/24/18 12:50,,,,0,21.7717984,19.28865584,0
7/24/18 12:55,,,,0,21.77193077,19.28845267,0
7/24/18 13:00,,,,0,21.77207871,19.2918557,0
7/24/18 13:05,,,,0,21.77221886,19.29134778,0
7/24/18 13:10,,,,0,21.77291962,19.28428777,0
7/24/18 13:15,,,,0,21.7730987,19.28860504,0
7/24/18 13:20,,,,0,21.77405641,19.28845267,0
7/24/18 13:25,,,,0,21.77425107,19.29144936,0
7/24/18 13:30,,,,0,21.77440679,19.29246519,0
7/24/18 13:35,,,,0,21.77518541,19.2912462,0
7/24/18 13:40,,,,0,21.77531778,19.28962087,0
7/24/18 13:45,,,,0,21.77561366,19.32222897,0
7/24/18 13:50,,,,0,21.77580053,19.32354955,0
7/24/18 13:55,,,,0,21.77654022,19.32573358,0
7/24/18 14:00,,,,0,21.77672709,19.32527646,0
7/24/18 14:05,,,,0,21.77708525,19.32715574,0
7/24/18 14:10,,,,0,21.77727212,19.32837474,0
7/24/18 14:15,,,,0,21.7775135,19.33223488,0
7/24/18 14:20,,,,0,21.7777393,19.33319992,0
7/24/18 14:25,,,,0,21.77801181,19.33233647,0
7/24/18 14:30,,,,0,21.77828433,19.33380942,0
7/24/18 14:35,,,,0,21.77843227,19.33101589,0
7/24/18 14:40,,,,0,21.77882937,19.33264122,0
7/24/18 14:45,,,,0,21.77953013,19.33670453,0
7/24/18 14:50,,,,0,21.77968585,19.33289517,0
7/24/18 14:55,,,,0,21.77989608,19.33223488,0
7/24/18 15:00,,,,0,21.78018417,19.33355546,0
7/24/18 15:05,,,,0,21.78033211,19.33563791,0
7/24/18 15:10,,,,0,21.78063577,19.35077376,0
7/24/18 15:15,,,,0,21.78103287,19.34803102,0
7/24/18 15:20,,,,0,21.78117302,19.34752311,0
7/24/18 15:25,,,,0,21.78136768,19.34909764,0
7/24/18 15:30,,,,0,21.78150783,19.34848814,0
7/24/18 15:35,,,,0,21.78168691,19.34899606,0
7/24/18 15:40,,,,0,21.78205287,19.3463549,0
7/24/18 15:45,,,,1,21.7823721,19.37682976,0
7/24/18 15:50,,,,3,21.78297943,19.37525523,0
7/24/18 15:55,,,,0,21.78311958,19.35046901,0
7/24/18 16:00,,,,0,21.7838982,19.34955476,0
7/24/18 16:05,,,,0,21.78403057,19.34940239,0
7/24/18 16:10,,,,0,21.78417851,19.34655807,0
7/24/18 16:15,,,,0,21.78431866,19.34559303,0
7/24/18 16:20,,,,0,21.7844666,19.34721836,0
7/24/18 16:25,,,,0,21.78460675,19.34965635,0
7/24/18 16:30,,,,0,21.7851985,19.34853893,0
7/24/18 16:35,,,,0,21.78533087,19.34640569,0
7/24/18 16:40,,,,0,21.78547881,19.34869131,0
7/24/18 16:45,,,,0,21.78562675,19.34889447,0
7/24/18 16:50,,,,0,21.78668567,19.34985951,0
7/24/18 16:55,,,,0,21.78698155,19.3487421,0
7/24/18 17:00,,,,0,21.78736308,19.34889447,0
7/24/18 17:05,,,,0,21.78751101,19.34975793,0
7/24/18 17:10,,,,0,21.78766674,19.3505198,0
7/24/18 17:15,,,,0,21.78781468,19.34879289,0
7/24/18 17:20,,,,0,21.78795483,19.34853893,0
7/24/18 17:25,,,,0,21.78816506,19.34848814,0
7/24/18 17:30,,,,0,21.78860109,19.34930081,0
7/24/18 17:35,,,,0,21.78873345,19.34823419,0
7/24/18 17:40,,,,0,21.78888918,19.35123088,0
7/24/18 17:45,,,,0,21.78908383,19.35041822,0
7/24/18 17:50,,,,0,21.78936414,19.3469644,0
7/24/18 17:55,,,,6,21.78951986,19.34731994,0
7/24/18 18:00,,,,0,21.78997146,19.34650728,0
7/24/18 18:05,,,,0,21.79019726,19.34803102,0
7/24/18 18:10,1,,,0,21.79134962,19.34767548,0
7/24/18 18:15,1,,,0,21.79255649,19.34655807,0
7/24/18 18:20,1814,,,0,21.79296137,19.38292473,0
7/24/18 18:25,1750,,,0,21.79323389,19.38145178,0
7/24/18 18:30,1680,,,0,21.79377893,19.38267078,0
7/24/18 18:35,1623,,,0,21.79405145,19.38526114,0
7/24/18 18:40,1589,,,0,21.79433954,19.38531193,0
7/24/18 18:45,1541,,,0,21.79460427,19.38739438,0
7/24/18 18:50,1447,,,0,21.79489236,19.3860738,0
7/24/18 18:55,1391,,,0,21.79518045,19.3854643,0
7/24/18 19:00,1328,,,0,21.79569434,19.48201882,0
7/24/18 19:05,1250,,,0,21.79597464,19.48161249,0
7/24/18 19:10,1669,,,0,21.79625495,19.48257752,0
7/24/18 19:15,1589,,,0,21.79653525,19.47892054,0
7/24/18 19:20,1473,,,0,21.79689342,19.47886975,0
7/24/18 19:25,1443,,,0,21.79788227,19.48288227,0
7/24/18 19:30,1412,,,0,21.7987154,19.49375164,0
7/24/18 19:35,1384,,,0,21.79969646,19.49425955,0
7/24/18 19:40,1355,,,0,21.79998455,19.49486905,0
7/24/18 19:45,1325,,,0,21.80028043,19.49420876,0
7/24/18 19:50,1290,,,0,21.80056073,19.49867841,0
7/24/18 19:55,1253,,,0,21.80098119,19.52900089,0
7/24/18 20:00,1222,,,0,21.80154958,19.53987026,0
7/24/18 20:05,1188,,,0,21.80190775,19.53915918,0
7/24/18 20:10,1083,,,0,21.8028966,19.53601011,0
7/24/18 20:15,1003,,,0,21.80331706,19.53951472,0
7/24/18 20:20,915,,,0,21.80370637,19.53281025,0
7/24/18 20:25,831,,,0,21.80398667,19.54037817,0
7/24/18 20:30,733,,,0,21.80506896,19.53575615,0
7/24/18 20:35,658,,,3,21.80619796,19.53595932,0
7/24/18 20:40,565,,,0,21.80698437,19.53865126,0
7/24/18 20:45,524,,,0,21.80818345,19.53555299,0
7/24/18 20:50,498,,,0,21.80931245,19.53768623,0
7/24/18 20:55,472,,,0,21.81091642,19.53926076,0
7/24/18 21:00,436,,,0,21.81164054,19.54042896,0
7/24/18 21:05,345,,,0,21.8119987,19.53865126,0
7/24/18 21:10,286,,,0,21.81230237,19.53707673,0
7/24/18 21:15,256,,,0,21.81258267,19.53885443,0
7/24/18 21:20,248,,,0,21.81289412,19.5384481,0
7/24/18 21:25,234,,,0,21.81316664,19.53854968,0
7/24/18 21:30,230,,,0,21.81392969,19.54195271,0
7/24/18 21:35,228,,,0,21.81421778,19.53992105,0
7/24/18 21:40,226,,,0,21.8145448,19.5402258,0
7/24/18 21:45,224,,,0,21.81487182,19.53951472,0
7/24/18 21:50,221,,,2,21.8158451,19.56557072,0
7/24/18 21:55,217,,,1,21.81692739,19.56663734,0
7/24/18 22:00,214,,,0,21.81850799,19.53768623,0
7/24/18 22:05,213,,,0,21.81886616,19.53885443,0
7/24/18 22:10,204,,,0,21.81945012,19.5396163,0
7/24/18 22:15,195,,,0,21.81976157,19.53885443,0
7/24/18 22:20,184,,,0,21.82004188,19.5396163,0
7/24/18 22:25,175,,,0,21.82035333,19.5372291,0
7/24/18 22:30,162,,,0,21.82090615,19.53717831,0
7/24/18 22:35,152,,,0,21.82170034,19.53971788,0
7/24/18 22:40,146,,,0,21.82199622,19.53880364,0
7/24/18 22:45,138,,,0,21.8222921,19.54088609,0
7/24/18 22:50,130,,,3,21.82282156,19.5657231,0
7/24/18 22:55,122,,,1,21.82349118,19.56790713,0
7/24/18 23:00,113,,,0,21.82430094,19.542613,0
7/24/18 23:05,106,,,0,21.82485377,19.53946393,0
7/24/18 23:10,98,,,0,21.8258504,19.53987026,0
7/24/18 23:15,90,,,0,21.82616964,19.53834652,0
7/24/18 23:20,82,,,0,21.82752444,19.53621328,0
7/24/18 23:25,81,,,0,21.82784368,19.53479112,0
7/24/18 23:30,74,,,0,21.82842765,19.53468953,0
7/24/18 23:35,66,,,0,21.82921405,19.53555299,0
7/24/18 23:40,59,,,0,21.82963451,19.53799098,0
7/24/18 23:45,48,,,0,21.83057664,19.53184521,0
7/24/18 23:50,44,,,0,21.83210275,19.52498837,0
7/24/18 23:55,41,,,0,21.83264,19.52326146,0
7/25/18 0:00,35,,,0,21.83439968,19.52768031,0
7/25/18 0:05,34,,,1,21.83835509,19.52839139,0
7/25/18 0:10,34,,,0,21.8399902,19.52488679,0
7/25/18 0:15,34,,,0,21.84174988,19.52910247,0
7/25/18 0:20,34,,,0,21.84316698,19.53377529,0
7/25/18 0:25,34,,,0,21.84428819,19.53413083,0
7/25/18 0:30,34,,,0,21.8456975,19.53585774,0
7/25/18 0:35,34,,,0,21.84684208,19.53301342,0
7/25/18 0:40,34,,,0,21.84798665,19.58558255,0
7/25/18 0:45,34,,,0,21.84910787,19.58283981,0
7/25/18 0:50,34,,,0,21.85121794,19.58375406,0
7/25/18 0:55,34,,,0,21.85233137,19.5840588,0
7/25/18 1:00,34,,,0,21.85470617,19.57791304,0
7/25/18 1:05,34,,,0,21.85638799,19.58273823,0
7/25/18 1:10,34,,,0,21.8575715,19.58258585,0
7/25/18 1:15,34,,,0,21.85873165,19.58456672,0
7/25/18 1:20,34,,,0,21.86041347,19.60229293,0
7/25/18 1:25,34,,,0,21.86207973,19.60193739,0
7/25/18 1:30,34,,,0,21.86347346,19.60412142,0
7/25/18 1:35,34,,,0,21.86460246,19.6006676,0
7/25/18 1:40,34,,,0,21.8657704,19.60158185,0
7/25/18 1:45,34,,,0,21.86733543,19.60335955,0
7/25/18 1:50,34,,,0,21.8691029,19.60381667,0
7/25/18 1:55,34,,,0,21.87036427,19.60447696,0
7/25/18 2:00,34,,,0,21.8727235,19.60478171,0
7/25/18 2:05,34,,,0,21.87523067,19.60300401,0
7/25/18 2:10,34,,,0,21.87692028,19.60341034,0
7/25/18 2:15,34,,,0,21.8787189,19.60401984,0
7/25/18 2:20,34,,,0,21.88033843,19.6048325,0
7/25/18 2:25,34,,,1,21.88479216,19.60539121,0
7/25/18 2:30,34,,,0,21.88743947,19.60203897,0
7/25/18 2:35,34,,,0,21.88856848,19.60153106,0
7/25/18 2:40,34,,,0,21.89096664,19.62123813,0
7/25/18 2:45,34,,,1,21.89589532,19.62443799,0
7/25/18 2:50,34,,,0,21.89700875,19.62347296,0
7/25/18 2:55,34,,,65,21.89825455,19.65303357,0
7/25/18 3:00,34,,,3,21.90010767,20.02198253,0
7/25/18 3:05,34,,,1,21.90140797,20.14093607,0
7/25/18 3:10,34,,,4,21.90477162,20.41353368,0
7/25/18 3:15,34,,,1,21.9067026,20.48880658,0
7/25/18 3:20,34,,,0,21.90781603,20.48702888,0
7/25/18 3:25,34,,,2,21.91087602,20.48662255,0
7/25/18 3:30,34,,,3,21.91318853,20.46904872,0
7/25/18 3:35,34,,,0,21.91483921,20.21529472,0
7/25/18 3:40,34,,,0,21.91596043,20.21554868,0
7/25/18 3:45,34,,,0,21.91708165,19.95067136,0
7/25/18 3:50,34,,,0,21.91821065,19.95204273,0
7/25/18 3:55,34,,,0,21.91935523,19.70042198,0
7/25/18 4:00,34,,,1,21.92317826,19.70748198,0
7/25/18 4:05,34,,,1,21.92611367,19.44869964,0
7/25/18 4:10,34,,,1,21.9272271,19.14567795,0
7/25/18 4:15,34,,,2,21.93155625,18.87592466,0
7/25/18 4:20,34,,,1,21.93428143,18.39802807,0
7/25/18 4:25,34,,,0,21.9360489,18.39777412,0
7/25/18 4:30,34,,,1,21.93940476,18.16123842,0
7/25/18 4:35,34,,,0,21.94055713,17.74850724,0
7/25/18 4:40,34,,,0,21.94169392,17.74515501,0
7/25/18 4:45,34,,,0,21.94348475,17.5685532,0
7/25/18 4:50,34,,,0,21.94526001,17.40089068,0
7/25/18 4:55,34,,,0,21.94817206,17.22657448,0
7/25/18 5:00,34,,,1,21.95240777,17.05855643,0
7/25/18 5:05,34,,,2,21.95531982,16.66405937,0
7/25/18 5:10,34,,,1,21.95786591,16.38744923,0
7/25/18 5:15,34,,,1,21.96238971,16.10042685,0
7/25/18 5:20,34,,,0,21.96418833,15.88121103,0
7/25/18 5:25,34,,,0,21.9662984,15.67007105,0
7/25/18 5:30,34,,,1,21.96860312,15.45466458,0
7/25/18 5:35,37,,,1,21.97065869,15.20426282,0
7/25/18 5:40,37,,,1,21.975346,15.03573685,0
7/25/18 5:45,37,,,1,21.98188643,14.68619022,0
7/25/18 5:50,37,,,1,21.98769496,14.33227552,0
7/25/18 5:55,37,,,1,21.99358913,13.98811277,0
7/25/18 6:00,37,,,1,21.9995456,13.70804882,0
7/25/18 6:05,37,,,1,22.00526069,13.38465977,0
7/25/18 6:10,37,,,2,22.01013487,13.17854814,0
7/25/18 6:15,37,,,1,22.01524263,13.07457808,0
7/25/18 6:20,37,,,1,22.01734491,12.97451895,0
7/25/18 6:25,37,,,1,22.01997666,12.95145964,0
7/25/18 6:30,37,,,1,22.02693755,12.94739633,0
7/25/18 6:35,37,,,0,22.02997418,12.93840625,0
7/25/18 6:40,37,,,1,22.03631217,12.94668525,0
7/25/18 6:45,37,,,1,22.03943445,12.9546595,0
7/25/18 6:50,37,,,1,22.04228421,12.99122934,0
7/25/18 6:55,37,,,1,22.04585808,12.99148329,0
7/25/18 7:00,34,,,1,22.04880907,13.00296216,0
7/25/18 7:05,34,,,0,22.05157318,13.0673149,0
7/25/18 7:10,34,,,0,22.05331729,13.07478124,0
7/25/18 7:15,34,,,0,22.05463316,13.0815365,0
7/25/18 7:20,35,,6,1,22.05685224,13.08945997,0
7/25/18 7:25,,,,62,22.05905574,18.02877436,0
7/25/18 7:30,,,,10,21.84595445,20.57083475,0
7/25/18 7:35,,,,1,21.84670192,20.60130961,0
7/25/18 7:40,,,,1,21.84781536,20.68836612,0
7/25/18 7:45,,,,3,21.84912344,20.74139238,0
7/25/18 7:50,,,,1,21.85019016,20.73839568,0
7/25/18 7:55,,,,0,21.85049382,20.74291612,0
7/25/18 8:00,,,,4,21.85364724,20.77750508,0
7/25/18 8:05,,,,1,21.85618555,20.787511,0
7/25/18 8:10,,,,1,21.85944798,20.79848195,0
7/25/18 8:15,,,,3,21.86260919,20.6570786,0
7/25/18 8:20,,,,1,21.86578597,20.45533503,0
7/25/18 8:25,,,,1,21.86680597,20.29092316,0
7/25/18 8:30,,,,0,21.86915741,20.29148187,0
7/25/18 8:35,,,,1,21.87199938,20.01233216,0
7/25/18 8:40,,,,1,21.8735722,20.00608481,0
7/25/18 8:45,,,,1,21.87473235,19.88982323,0
7/25/18 8:50,,,,1,21.87653097,19.88261084,0
7/25/18 8:55,,,,1,21.87780012,19.63769456,0
7/25/18 9:00,,,,1,21.88105477,19.44529661,0
7/25/18 9:05,,,,0,21.88195018,19.22775691,0
7/25/18 9:10,,,,0,21.88230835,19.22470942,0
7/25/18 9:15,,,,0,21.8826198,19.22674108,0
7/25/18 9:20,,,,0,21.88310254,19.2307536,0
7/25/18 9:25,,,,2,21.88475322,19.03302256,0
7/25/18 9:30,,,,0,21.88565643,19.03739062,0
7/25/18 9:35,,,,0,21.88659856,18.83381856,0
7/25/18 9:40,,,,0,21.887821,18.83402173,0
7/25/18 9:45,,,,0,21.88862298,18.66813691,0
7/25/18 9:50,,,,0,21.88982206,18.67250497,0
7/25/18 9:55,,,,1,21.89050725,18.67153994,0
7/25/18 10:00,,,,1,21.89267961,18.40727211,0
7/25/18 10:05,,,,0,21.89325579,18.40569758,0
7/25/18 10:10,,,,0,21.89448601,18.27617943,0
7/25/18 10:15,,,,0,21.89553715,18.27292878,0
7/25/18 10:20,,,,0,21.89630799,18.03878027,0
7/25/18 10:25,,,,0,21.8964715,18.04345309,0
7/25/18 10:30,,,,0,21.89661944,18.04385942,0
7/25/18 10:35,,,,1,21.89801317,18.04091351,0
7/25/18 10:40,,,,0,21.89872951,17.8755874,0
7/25/18 10:45,,,,0,21.89945362,17.87533345,0
7/25/18 10:50,,,,0,21.89958599,17.71767684,0
7/25/18 10:55,,,,0,21.89996752,17.7244321,0
7/25/18 11:00,,,,0,21.90045026,17.72996837,0
7/25/18 11:05,,,,0,21.90069164,17.73260952,0
7/25/18 11:10,,,,0,21.90096415,17.53685934,0
7/25/18 11:15,,,,0,21.90110431,17.53630064,0
7/25/18 11:20,,,,0,21.90124446,17.53538639,0
7/25/18 11:25,,,,0,21.9013924,17.53614826,0
7/25/18 11:30,,,,0,21.90157148,17.55021749,0
7/25/18 11:35,,,,0,21.90171163,17.55626167,0
7/25/18 11:40,,,,0,21.901844,17.5602234,0
7/25/18 11:45,,,,0,21.90210873,17.56195031,0
7/25/18 11:50,,,,0,21.90227224,17.56250902,0
7/25/18 11:55,,,,1,21.90305865,17.42618481,0
7/25/18 12:00,,,,0,21.90375941,17.42867359,0
7/25/18 12:05,,,,0,21.90391513,17.42816568,0
7/25/18 12:10,,,,0,21.90405529,17.22794585,0
7/25/18 12:15,,,,0,21.90419544,17.22540628,0
7/25/18 12:20,,,,0,21.90434338,17.2300283,0
7/25/18 12:25,,,,0,21.90447574,17.22601578,0
7/25/18 12:30,,,,0,21.90485727,17.22682844,0
7/25/18 12:35,,,,0,21.90499742,17.22891089,0
7/25/18 12:40,,,,0,21.90561253,17.22870772,0
7/25/18 12:45,,,,0,21.90576826,17.09543101,0
7/25/18 12:50,,,,0,21.90657024,17.09629446,0
7/25/18 12:55,,,,0,21.90671039,17.09766583,0
7/25/18 13:00,,,,0,21.90685833,17.09675158,0
7/25/18 13:05,,,,0,21.90699069,17.09619288,0
7/25/18 13:10,,,,0,21.9074968,16.88352915,0
7/25/18 13:15,,,,0,21.90763695,16.88337678,0
7/25/18 13:20,,,,0,21.9077771,16.8838339,0
7/25/18 13:25,,,,0,21.90858687,16.88368153,0
7/25/18 13:30,1,,,0,21.90877374,16.7676231,0
7/25/18 13:35,1,,,0,21.90892947,16.77026426,0
7/25/18 13:40,1,,,0,21.90910076,16.76843577,0
7/25/18 13:45,1,,,0,21.90927985,16.80165336,0
7/25/18 13:50,1,,,0,21.91089159,16.7996725,0
7/25/18 13:55,,,,0,21.91102396,16.62840379,0
7/25/18 14:00,,,,0,21.9111719,16.48420691,0
7/25/18 14:05,,,,0,21.91131205,16.48349583,0
7/25/18 14:10,,,,0,21.91151449,16.48273396,0
7/25/18 14:15,,,,0,21.91165465,16.48303871,0
7/25/18 14:20,,,,0,21.9117948,16.48390216,0
7/25/18 14:25,,,,0,21.91193495,16.48263238,0
7/25/18 14:30,,,,0,21.9120751,16.4866449,0
7/25/18 14:35,,,,0,21.91245663,16.48466403,0
7/25/18 14:40,,,,0,21.91308731,16.27037498,0
7/25/18 14:45,,,,0,21.91323525,16.26920678,0
7/25/18 14:50,,,,0,21.91336762,16.26991786,0
7/25/18 14:55,,,,0,21.91352334,16.184893,0
7/25/18 15:00,,,,0,21.91374914,16.18687387,0
7/25/18 15:05,,,,0,21.9140528,16.18656912,0
7/25/18 15:10,,,,2,21.91469906,16.24543639,0
7/25/18 15:15,,,,1,21.91485479,16.25198848,0
7/25/18 15:20,,,,0,21.91498715,16.25457885,0
7/25/18 15:25,,,,0,21.9151273,16.2566105,0
7/25/18 15:30,,,,0,21.91526746,16.25589942,0
7/25/18 15:35,,,,0,21.91543097,16.25833741,0
7/25/18 15:40,,,,0,21.9155789,16.25711842,0
7/25/18 15:45,,,,0,21.91572684,16.25711842,0
7/25/18 15:50,,,,0,21.915867,16.25620417,0
7/25/18 15:55,,,,0,21.91602272,16.25874375,0
7/25/18 16:00,,,,1,21.91641203,16.26697196,0
7/25/18 16:05,,,,0,21.91655997,16.26859728,0
7/25/18 16:10,,,,0,21.91671569,16.26951153,0
7/25/18 16:15,,,,1,21.91686363,16.26880045,0
7/25/18 16:20,,,,0,21.91709722,16.26874966,0
7/25/18 16:25,,,,0,21.91724516,16.27083211,0
7/25/18 16:30,,,,0,21.91785248,16.37195785,0
7/25/18 16:35,,,,0,21.91826515,16.3680977,0
7/25/18 16:40,,,,0,21.91870118,16.36972302,0
7/25/18 16:45,,,,0,21.91896591,16.37094202,0
7/25/18 16:50,,,,0,21.919254,16.37383713,0
7/25/18 16:55,,,,0,21.91951874,16.37525929,0
7/25/18 17:00,,,,0,21.9206711,16.37607195,0
7/25/18 17:05,,,,0,21.92093583,16.52290998,0
7/25/18 17:10,,,,0,21.92111491,16.5216402,0
7/25/18 17:15,,,,1,21.92190132,16.52367185,0
7/25/18 17:20,,,,0,21.92268773,16.58101538,0
7/25/18 17:25,,,,0,21.92283567,16.57801869,0
7/25/18 17:30,,,,0,21.92323277,16.57751077,0
7/25/18 17:35,,,,0,21.92351307,16.57720602,0
7/25/18 17:40,,,,0,21.92398025,16.67249075,0
7/25/18 17:45,,,,0,21.92413597,16.67137334,0
7/25/18 17:50,,,,0,21.92428391,16.67127176,0
7/25/18 17:55,,,,0,21.92443185,16.66918931,0
7/25/18 18:00,,,,0,21.92482116,16.67091622,0
7/25/18 18:05,,,,0,21.92517154,16.67086543,0
7/25/18 18:10,8,,,0,21.92538955,16.69615956,0
7/25/18 18:15,1,,,0,21.92561535,16.69585481,0
7/25/18 18:20,,,,0,21.92640955,16.69636272,0
7/25/18 18:25,,,,0,21.92654191,16.69626114,0
7/25/18 18:30,,,,0,21.92693123,16.7469002,0
7/25/18 18:35,,,,0,21.92707138,16.7492874,0
7/25/18 18:40,,,,0,21.92721932,16.74893186,0
7/25/18 18:45,,,,0,21.92737504,16.75030322,0
7/25/18 18:50,,,,0,21.92775657,16.75411258,0
7/25/18 18:55,,,,0,21.9279045,16.7551792,0
7/25/18 19:00,,,,0,21.92829382,16.79779321,0
7/25/18 19:05,,,,0,21.9285274,16.79830113,0
7/25/18 19:10,,,,0,21.92867534,16.79774242,0
7/25/18 19:15,,,,0,21.92880771,16.79941854,0
7/25/18 19:20,,,,0,21.92896343,16.80124703,0
7/25/18 19:25,,,,0,21.92910358,16.79926617,0
7/25/18 19:30,,,,0,21.9294929,16.79885983,0
7/25/18 19:35,,,,0,21.92962526,16.81475755,0
7/25/18 19:40,,,,0,21.9297732,16.81709396,0
7/25/18 19:45,,,,0,21.93016251,16.81831295,0
7/25/18 19:50,,,,0,21.93030266,16.81892245,0
7/25/18 19:55,,,,0,21.93044282,16.81531626,0
7/25/18 20:00,,,,0,21.93148617,16.81638288,0
7/25/18 20:05,,,,0,21.93164189,16.81633209,0
7/25/18 20:10,,,,0,21.93178205,16.81653525,0
7/25/18 20:15,,,,0,21.9319222,16.82313814,0
7/25/18 20:20,,,,1,21.93269304,16.82715066,0
7/25/18 20:25,1,,,0,21.93382204,16.82887757,0
7/25/18 20:30,1,,,0,21.93611119,16.84965127,0
7/25/18 20:35,1,,,0,21.93746599,16.8476704,0
7/25/18 20:40,1,,,2,21.93906217,16.85000681,0
7/25/18 20:45,5,,,0,21.93987194,16.85203846,0
7/25/18 20:50,1,,,0,21.94105545,16.88307203,0
7/25/18 20:55,1,,,0,21.94220002,16.88317361,0
7/25/18 21:00,1,,,0,21.94331345,16.91669596,0
7/25/18 21:05,5,,,0,21.94440352,16.91745783,0
7/25/18 21:10,1,,,0,21.94564153,16.91964186,0
7/25/18 21:15,1,,,0,21.94759588,16.92045452,0
7/25/18 21:20,1,,,0,21.94887282,16.92055611,0
7/25/18 21:25,1,,,0,21.95010304,16.91816891,0
7/25/18 21:30,1,,,0,21.95172258,16.91334372,0
7/25/18 21:35,1,,,0,21.95311631,16.91715308,0
7/25/18 21:40,1,,,0,21.9543699,16.91781337,0
7/25/18 21:45,1,,,0,21.9554989,16.9134453,0
7/25/18 21:50,1,,,1,21.95664348,16.91715308,0
7/25/18 21:55,1,,,0,21.95792042,16.91593408,0
7/25/18 22:00,1,,,0,21.96035751,16.92009898,0
7/25/18 22:05,1,,,0,21.96147872,16.92009898,0
7/25/18 22:10,1,,,0,21.96263109,16.91898157,0
7/25/18 22:15,1,,,0,21.96434406,16.92538129,0
7/25/18 22:20,1,,,0,21.96545749,16.92390834,0
7/25/18 22:25,1,,,0,21.96661763,16.92299409,0
7/25/18 22:30,1,,,0,21.96801137,16.92507654,0
7/25/18 22:35,1,,,0,21.96925717,16.92512733,0
7/25/18 22:40,1,,,0,21.97051853,16.92751453,0
7/25/18 22:45,1,,,0,21.97231715,16.92406071,0
7/25/18 22:50,1,,,0,21.97346173,16.92700662,0
7/25/18 22:55,1,,,0,21.97461409,16.92924144,0
7/25/18 23:00,1,,,0,21.97673195,16.92614316,0
7/25/18 23:05,1,,,0,21.97811011,16.92944461,0
7/25/18 23:10,1,,,0,21.97993209,16.92868273,0
7/25/18 23:15,1,,,0,21.98109223,16.9277177,0
7/25/18 23:20,1,,,0,21.98220566,16.92522892,0
7/25/18 23:25,1,,,0,21.98335803,16.92863194,0
7/25/18 23:30,1,,,0,21.98474397,16.92944461,0
7/25/18 23:35,1,,,0,21.98588076,16.92817482,0
7/25/18 23:40,1,,,0,21.98752366,16.9306636,0
7/25/18 23:45,1,,,1,21.98975052,16.92573683,0
7/25/18 23:50,1,,,0,21.99128441,16.93056202,0
7/25/18 23:55,1,,,0,21.99244456,16.9324413,0
7/26/18 0:00,1,,,1,21.9948505,16.93503166,0
7/26/18 0:05,1,,,1,21.99825308,16.96124004,0
7/26/18 0:10,1,,,0,22.00076803,16.95925918,0
7/26/18 0:15,1,,,2,22.00255108,16.99003878,0
7/26/18 0:20,1,,,0,22.00420955,16.99405131,0
7/26/18 0:25,1,,,0,22.00536191,16.96367803,0
7/26/18 0:30,1,,,0,22.00674786,16.96576048,0
7/26/18 0:35,1,,,0,22.00788465,16.96967142,0
7/26/18 0:40,1,,,0,22.00907594,16.96936667,0
7/26/18 0:45,1,,,0,22.01071105,16.96962063,0
7/26/18 0:50,1,,,0,22.01226051,16.97134754,0
7/26/18 0:55,1,,,0,22.01340508,16.97083962,0
7/26/18 1:00,1,,,0,22.01574874,16.97073804,0
7/26/18 1:05,1,,,0,22.01698675,16.97043329,0
7/26/18 1:10,1,,,0,22.0181469,16.97139833,0
7/26/18 1:15,1,,,0,22.01979758,16.97363315,0
7/26/18 1:20,1,,,0,22.02096551,16.9733284,0
7/26/18 1:25,1,,,0,22.02320016,16.97642668,0
7/26/18 1:30,1,,,0,22.02458611,16.97089041,0
7/26/18 1:35,1,,,0,22.02573068,16.97388711,0
7/26/18 1:40,1,,,0,22.02692976,16.970992,0
7/26/18 1:45,1,,,1,22.0297328,16.97353157,0
7/26/18 1:50,1,,,0,22.03100975,16.97317603,0
7/26/18 1:55,1,,,0,22.03216211,16.97348078,0
7/26/18 2:00,1,,,0,22.0344279,16.97175387,0
7/26/18 2:05,1,,,0,22.03700514,16.97475056,0
7/26/18 2:10,1,,,0,22.03937216,16.96946825,0
7/26/18 2:15,1,,,0,22.04054009,16.96931588,0
7/26/18 2:20,1,,,0,22.04463565,16.97180466,0
7/26/18 2:25,1,,,1,22.04772678,16.99100382,0
7/26/18 2:30,1,,,0,22.04944754,16.99557505,0
7/26/18 2:35,1,,,0,22.05069333,16.99430526,0
7/26/18 2:40,1,,,0,22.05340294,16.99633692,0
7/26/18 2:45,1,,,0,22.05664201,16.99339102,0
7/26/18 2:50,1,,,0,22.05795788,16.99445764,0
7/26/18 2:55,1,,,1,22.06023925,16.99176569,0
7/26/18 3:00,1,,,0,22.06285542,16.99425447,0
7/26/18 3:05,1,,,0,22.06619571,17.00791737,0
7/26/18 3:10,1,,,1,22.07051707,17.00918715,0
7/26/18 3:15,1,,,1,22.07409095,17.01233622,0
7/26/18 3:20,1,,,0,22.07661369,17.0379351,0
7/26/18 3:25,1,,,0,22.07942452,17.04011914,0
7/26/18 3:30,1,,,0,22.08290496,17.04296346,0
7/26/18 3:35,1,,,0,22.08479701,17.04276029,0
7/26/18 3:40,1,,,0,22.08691487,17.04286187,0
7/26/18 3:45,1,,,0,22.08841761,17.04347137,0
7/26/18 3:50,1,,,0,22.08962448,17.0409318,0
7/26/18 3:55,1,,,0,22.0908002,17.04433483,0
7/26/18 4:00,1,,,1,22.09567438,17.04291267,0
7/26/18 4:05,1,,,0,22.09942734,17.04199842,0
7/26/18 4:10,1,,,0,22.10057191,17.04240475,0
7/26/18 4:15,1,,,1,22.10384213,17.0415413,0
7/26/18 4:20,1,,,0,22.10660624,17.04326821,0
7/26/18 4:25,1,,,0,22.1090044,17.04291267,0
7/26/18 4:30,1,,,0,22.11122348,17.04382691,0
7/26/18 4:35,1,,,0,22.11275736,17.04484274,0
7/26/18 4:40,1,,,0,22.11390972,17.04499511,0
7/26/18 4:45,1,,,0,22.11570056,17.04291267,0
7/26/18 4:50,1,,,0,22.1174836,17.0444872,0
7/26/18 4:55,1,,,1,22.12062145,17.04377612,0
7/26/18 5:00,1,,,1,22.12488831,17.04596015,0
7/26/18 5:05,1,,,0,22.12660906,17.04535065,0
7/26/18 5:10,1,,,0,22.13040874,17.04855051,0
7/26/18 5:15,1,,,1,22.13514277,17.0593183,0
7/26/18 5:20,1,,,0,22.13779009,17.06038492,0
7/26/18 5:25,1,,,0,22.13950306,17.05769297,0
7/26/18 5:30,1,,,1,22.14234503,17.06180708,0
7/26/18 5:35,1,,,1,22.14511693,17.06292449,0
7/26/18 5:40,1,,,1,22.15165736,17.06277212,0
7/26/18 5:45,1,,,1,22.15803428,17.05921671,0
7/26/18 5:50,1,,,0,22.16372602,17.06099441,0
7/26/18 5:55,1,,,0,22.17013408,17.0587088,0
7/26/18 6:00,1,,,1,22.17718062,17.0580993,0
7/26/18 6:05,1,,,1,22.18451525,17.07628264,0
7/26/18 6:10,1,,,1,22.19159293,17.08578063,0
7/26/18 6:15,1,,,1,22.19807107,17.10208468,0
7/26/18 6:20,1,,,0,22.20422219,17.10624958,0
7/26/18 6:25,1,,,1,22.21089499,17.10883994,0
7/26/18 6:30,1,,,1,22.21787145,17.10858599,0
7/26/18 6:35,1,,,1,22.22547081,17.13037551,0
7/26/18 6:40,1,,,1,22.23148178,17.14871122,0
7/26/18 6:45,1,,,1,22.23672191,17.16272965,0
7/26/18 6:50,1,,,0,22.24069289,17.16394865,0
7/26/18 6:55,1,,,0,22.24256158,17.16455815,0
7/26/18 7:00,1,,,1,22.24703088,17.16816434,0
7/26/18 7:05,1,,,0,22.25009087,17.16567556,0
7/26/18 7:10,1,,,0,22.25152353,17.16796117,0
7/26/18 7:15,3,12,,1,22.25389833,17.16455815,0
7/26/18 7:20,1,,,0,22.25535436,17.15912346,0
7/26/18 7:25,1,,,0,22.25775251,17.16120591,0
7/26/18 7:30,1,,,0,22.26096044,17.16151066,0
7/26/18 7:35,1,,,0,22.26355325,17.17898291,0
7/26/18 7:40,1,,,0,22.26615386,17.17944003,0
7/26/18 7:45,1,,,0,22.2680537,17.17664651,0
7/26/18 7:50,1,,,0,22.27059979,17.1790337,0
7/26/18 7:55,1,,,0,22.27179887,17.17852579,0
7/26/18 8:00,1,,,1,22.27678206,17.1825891,0
7/26/18 8:05,1,,,0,22.280208,17.19249343,0
7/26/18 8:10,1,,,0,22.28195211,17.1968615,0
7/26/18 8:15,1,,,1,22.28421012,17.19604883,0
7/26/18 8:20,1,,,0,22.28708324,17.19909632,0
7/26/18 8:25,1,,,0,22.28887407,17.19782653,0
7/26/18 8:30,1,,,0,22.29137345,17.19848682,0
7/26/18 8:35,1,,,0,22.29450351,17.19752178,0
7/26/18 8:40,1,,,0,22.29708076,17.19777574,0
7/26/18 8:45,1,,,0,22.29910518,17.20427704,0
7/26/18 8:50,1,,,1,22.30294379,17.21062597,0
7/26/18 8:55,1,,,1,22.30611278,17.21032123,0
7/26/18 9:00,1,,,1,22.30958544,17.2134195,0
7/26/18 9:05,1,,,0,22.31196024,17.22098743,0
7/26/18 9:10,1,,,0,22.31341626,17.21849865,0
7/26/18 9:15,1,,,0,22.31502801,17.2169749,0
7/26/18 9:20,1,,,0,22.31688114,17.21946368,0
7/26/18 9:25,1,,,0,22.32027593,17.22911406,0
7/26/18 9:30,1,,,0,22.3230089,17.23028226,0
7/26/18 9:35,1,,,0,22.32638812,17.23551378,0
7/26/18 9:40,1,,,0,22.3282646,17.23678356,0
7/26/18 9:45,1,,,0,22.33003208,17.23551378,0
7/26/18 9:50,1,,,0,22.33251588,17.25369711,0
7/26/18 9:55,1,,,0,22.33440794,17.25110675,0
7/26/18 10:00,1,,,0,22.33729663,17.25674459,0
7/26/18 10:05,1,,,0,22.33879937,17.25852229,0
7/26/18 10:10,1,,,0,22.34024761,17.25938575,0
7/26/18 10:15,1,,,0,22.3418905,17.25826834,0
7/26/18 10:20,1,,,0,22.34304286,17.25974129,0
7/26/18 10:25,1,,,0,22.34416408,17.25862388,0
7/26/18 10:30,1,,,0,22.34530866,17.25867467,0
7/26/18 10:35,1,,,0,22.34737201,17.26014762,0
7/26/18 10:40,1,,,0,22.34896818,17.26121424,0
7/26/18 10:45,1,,,0,22.35066558,17.2596905,0
7/26/18 10:50,1,,,0,22.35225397,17.25786201,0
7/26/18 10:55,1,,,0,22.35338298,17.22799664,0
7/26/18 11:00,1,,,0,22.35484679,17.2264729,0
7/26/18 11:05,1,,,0,22.35599915,17.22489837,0
7/26/18 11:10,1,,,0,22.35714372,17.22626974,0
7/26/18 11:15,1,,,0,22.35837395,17.22591419,0
7/26/18 11:20,1,,,0,22.35951852,17.22611736,0
7/26/18 11:25,1,,,0,22.36063974,17.22809823,0
7/26/18 11:30,1,,,0,22.3617921,17.22342541,0
7/26/18 11:35,1,,,0,22.36295225,17.22413649,0
7/26/18 11:40,1,,,0,22.36407347,17.22088584,0
7/26/18 11:45,1,,,0,22.36545942,17.22261275,0
7/26/18 11:50,1,,,0,22.36658842,17.22296829,0
7/26/18 11:55,1,,,0,22.36827025,17.22108901,0
7/26/18 12:00,1,,,0,22.36942261,17.22677765,0
7/26/18 12:05,1,,,0,22.37059054,17.22657448,0
7/26/18 12:10,1,,,0,22.37182855,17.22819981,0
7/26/18 12:15,1,,,0,22.37312107,17.22378095,0
7/26/18 12:20,1,,,0,22.37433572,17.22698082,0
7/26/18 12:25,1,,,0,22.37622777,17.22383175,0
7/26/18 12:30,1,,,0,22.3776838,17.22682844,0
7/26/18 12:35,1,,,0,22.37892959,17.22779348,0
7/26/18 12:40,1,,,0,22.38007417,17.22759031,0
7/26/18 12:45,1,,,0,22.38122653,17.2276919,0
7/26/18 12:50,1,,,0,22.38234775,17.23109492,0
7/26/18 12:55,1,,,0,22.38408408,17.2229175,0
7/26/18 13:00,1,,,0,22.38522087,17.22616815,0
7/26/18 13:05,1,,,0,22.38636544,17.22306987,0
7/26/18 13:10,1,,,0,22.38786818,17.22860614,0
7/26/18 13:15,1,,,0,22.3889894,17.22891089,0
7/26/18 13:20,1,,,0,22.39013398,17.22916485,0
7/26/18 13:25,1,,,0,22.39127077,17.23007909,0
7/26/18 13:30,1,,,0,22.39240755,17.22337462,0
7/26/18 13:35,1,,,0,22.39353656,17.22515232,0
7/26/18 13:40,1,,,0,22.39468113,17.22388254,0
7/26/18 13:45,1,,,0,22.39581792,17.22626974,0
7/26/18 13:50,1,,,0,22.39697028,17.22840298,0
7/26/18 13:55,1,,,0,22.39810707,17.22713319,0
7/26/18 14:00,1,,,0,22.39923608,17.22515232,0
7/26/18 14:05,1,,,0,22.40038065,17.22545707,0
7/26/18 14:10,1,,,2,22.40190675,17.2549161,0
7/26/18 14:15,1,,,0,22.40325377,17.25283365,0
7/26/18 14:20,1,,,0,22.40440613,17.22596499,0
7/26/18 14:25,1,,,0,22.40553514,17.22505074,0
7/26/18 14:30,1,,,0,22.40667193,17.23028226,0
7/26/18 14:35,1,,,0,22.40782429,17.22418729,0
7/26/18 14:40,1,,,0,22.4089455,17.22312067,0
7/26/18 14:45,1,,,0,22.41009787,17.22505074,0
7/26/18 14:50,1,,,0,22.41123466,17.22566024,0
7/26/18 14:55,1,,,0,22.41236366,17.22119059,0
7/26/18 15:00,1,,,0,22.41351602,17.22306987,0
7/26/18 15:05,1,,,0,22.41464502,17.22505074,0
7/26/18 15:10,1,,,0,22.41579739,17.22855535,0
7/26/18 15:15,1,,,0,22.41694196,17.22860614,0
7/26/18 15:20,1,,,0,22.41806318,17.22936801,0
7/26/18 15:25,1,,,0,22.41922333,17.22682844,0
7/26/18 15:30,1,,,0,22.41995523,17.22698082,0
7/26/18 15:35,1,,,0,22.42007203,17.22804744,0
7/26/18 15:40,1,,,0,22.42097523,17.23089176,0
7/26/18 15:45,1,,,0,22.42210423,17.22967276,0
7/26/18 15:50,1,,,0,22.42324881,17.22759031,0
7/26/18 15:55,1,,,0,22.42439338,17.22784427,0
7/26/18 16:00,1,,,0,22.42553017,17.2258634,0
7/26/18 16:05,1,,,0,22.42667475,17.23068859,0
7/26/18 16:10,1,,,0,22.42782711,17.22753952,0
7/26/18 16:15,1,,,2,22.429361,17.2531384,0
7/26/18 16:20,1,,,0,22.43069244,17.25308761,0
7/26/18 16:25,1,,,0,22.43182923,17.22957118,0
7/26/18 16:30,1,,,0,22.43297381,17.23175521,0
7/26/18 16:35,1,,,0,22.43411838,17.22896168,0
7/26/18 16:40,1,,,0,22.43524739,17.22906326,0
7/26/18 16:45,1,,,0,22.43639975,17.22967276,0
7/26/18 16:50,1,,,0,22.43751318,17.23028226,0
7/26/18 16:55,1,,,0,22.43866554,17.23190758,0
7/26/18 17:00,1,,,0,22.43981012,17.23327895,0
7/26/18 17:05,1,,,0,22.44094691,17.23211075,0
7/26/18 17:10,1,,,0,22.44209148,17.23221233,0
7/26/18 17:15,1,,,0,22.44324384,17.22987593,0
7/26/18 17:20,1,,,0,22.44436506,17.23185679,0
7/26/18 17:25,1,,,0,22.44551742,17.23058701,0
7/26/18 17:30,1,,,0,22.44663864,17.22931722,0
7/26/18 17:35,1,,,13,22.447791,17.23114571,0
7/26/18 17:40,1,,,0,22.44891222,17.23018068,0
7/26/18 17:45,1,,,0,22.45005679,17.23089176,0
7/26/18 17:50,1,,,0,22.45120915,17.22926643,0
7/26/18 17:55,1,,,0,22.45233037,17.23134888,0
7/26/18 18:00,1,,,0,22.45347495,17.23292341,0
7/26/18 18:05,1,,,0,22.45461952,17.23094255,0
7/26/18 18:10,1,,,0,22.45574853,17.22845377,0
7/26/18 18:15,1,,,0,22.45598211,17.23007909,0
7/26/18 18:20,1,,,0,22.44207591,17.22626974,0
7/26/18 18:25,1,,,0,22.44322827,17.22952039,0
7/26/18 18:30,1,,,0,22.44438842,17.23292341,0
7/26/18 18:35,1,,,0,22.44550964,17.22759031,0
7/26/18 18:40,1,,,0,22.44665421,17.22794585,0
7/26/18 18:45,1,,,0,22.447791,17.22931722,0
7/26/18 18:50,1,,,0,22.44892,17.22652369,0
7/26/18 18:55,1,,,0,22.45008015,17.22703161,0
7/26/18 19:00,1,,,0,22.45120137,17.22972355,0
7/26/18 19:05,1,,,0,22.45233816,17.22850456,0
7/26/18 19:10,1,,,37,22.45356838,17.25933496,0
7/26/18 19:15,1,,,27,22.45436258,19.93990358,0
7/26/18 19:20,,,,0,22.45450273,20.00415474,0
7/26/18 19:25,,,,0,22.45465067,20.02020483,0
7/26/18 19:30,,,,0,22.45479082,20.0280775,0
7/26/18 19:35,,,,0,22.45493097,20.0120782,0
7/26/18 19:40,,,,0,22.45509448,20.047683,0
7/26/18 19:45,,,,0,22.45525021,20.09623961,0
7/26/18 19:50,,,,0,22.45538257,20.10015055,0
7/26/18 19:55,,,,0,22.45553051,20.11391502,0
7/26/18 20:00,,,,0,22.45567845,20.12061949,0
7/26/18 20:05,,,,2,22.45608333,20.36528182,0
7/26/18 20:10,,,,0,22.45629356,20.39311553,0
7/26/18 20:15,,,,2,22.4566128,20.42374276,0
7/26/18 20:20,,,,1,22.45750043,20.55767977,0
7/26/18 20:25,,,,0,22.45767172,20.55818768,0
7/26/18 20:30,,,,0,22.45805325,20.56433344,0
7/26/18 20:35,,,,0,22.45820119,20.56463819,0
7/26/18 20:40,,,,0,22.45834134,20.5645874,0
7/26/18 20:45,,,,1,22.45856714,20.57068237,0
7/26/18 20:50,,,,0,22.45871508,20.57484727,0
7/26/18 20:55,,,,0,22.45888638,20.57687893,0
7/26/18 21:00,,,,0,22.45929126,20.58409131,0
7/26/18 21:05,,,,0,22.4594392,20.58388815,0
7/26/18 21:10,,,,0,22.45964943,20.58724038,0
7/26/18 21:15,,,,1,22.46013217,20.60298572,0
7/26/18 21:20,,,,0,22.46042805,20.60938544,0
7/26/18 21:25,,,,0,22.46067721,20.60918228,0
7/26/18 21:30,,,,1,22.46140133,20.63132734,0
7/26/18 21:35,,,,0,22.46154927,20.63234317,0
7/26/18 21:40,,,,0,22.46176728,20.63290188,0
7/26/18 21:45,,,,0,22.46192301,20.63539066,0
7/26/18 21:50,,,,0,22.46206316,20.63523828,0
7/26/18 21:55,,,,2,22.46267048,20.60816645,0
7/26/18 22:00,,,,1,22.46377613,20.64778377,0
7/26/18 22:05,,,,0,22.46390071,20.6493583,0
7/26/18 22:10,,,,0,22.46402529,20.64920593,0
7/26/18 22:15,,,,1,22.46473383,20.66738926,0
7/26/18 22:20,,,,0,22.4648662,20.67140178,0
7/26/18 22:25,,,,1,22.46501414,20.67632855,0
7/26/18 22:30,,,,0,22.46540345,20.63625411,0
7/26/18 22:35,,,,0,22.46555917,20.63813339,0
7/26/18 22:40,,,,0,22.46569154,20.63793023,0
7/26/18 22:45,,,,0,22.46584726,20.63701598,0
7/26/18 22:50,,,,0,22.46597963,20.63742231,0
7/26/18 22:55,,,,1,22.46668818,20.63823498,0
7/26/18 23:00,,,,0,22.46731886,20.24663304,0
7/26/18 23:05,,,,0,22.46768481,20.25501362,0
7/26/18 23:10,,,,0,22.46793397,20.25557233,0
7/26/18 23:15,,,,2,22.46866588,20.26435925,0
7/26/18 23:20,,,,0,22.46880603,20.26425766,0
7/26/18 23:25,,,,0,22.46894618,20.26862573,0
7/26/18 23:30,,,,0,22.4693355,20.26776227,0
7/26/18 23:35,,,,1,22.46981824,20.04905437,0
7/26/18 23:40,,,,1,22.47011412,20.08277988,0
7/26/18 23:45,,,,1,22.47118083,20.09187154,0
7/26/18 23:50,,,,0,22.47194388,20.09187154,0
7/26/18 23:55,,,,0,22.47250449,19.7957067,0
7/27/18 0:00,,,,0,22.4734622,19.80464599,0
7/27/18 0:05,,,,1,22.47692707,19.80550945,0
7/27/18 0:10,,,,0,22.47744875,19.55175545,0
7/27/18 0:15,,,,0,22.47786142,19.55566639,0
7/27/18 0:20,,,,0,22.47830523,19.55515848,0
7/27/18 0:25,,,,0,22.4784376,19.31506738,0
7/27/18 0:30,,,,0,22.47882691,19.31725141,0
7/27/18 0:35,,,,0,22.47921622,19.31943544,0
7/27/18 0:40,,,,0,22.47937973,19.32014652,0
7/27/18 0:45,,,,0,22.47952767,19.3190799,0
7/27/18 0:50,,,,0,22.4800182,19.32227976,0
7/27/18 0:55,,,,0,22.48072675,19.32380351,0
7/27/18 1:00,,,,0,22.48215941,19.07736348,0
7/27/18 1:05,,,,0,22.48236964,19.08066492,0
7/27/18 1:10,,,,0,22.48254873,19.08274737,0
7/27/18 1:15,,,,0,22.48271224,19.0819855,0
7/27/18 1:20,,,,0,22.48377895,19.08056334,0
7/27/18 1:25,,,,0,22.48446414,18.864395,0
7/27/18 1:30,,,,0,22.48488459,18.86566479,0
7/27/18 1:35,,,,0,22.48549971,18.86952494,0
7/27/18 1:40,,,,0,22.48565543,18.87155659,0
7/27/18 1:45,,,,0,22.48685451,18.86652824,0
7/27/18 1:50,,,,0,22.48713481,18.63542723,0
7/27/18 1:55,,,,0,22.48753191,18.63608752,0
7/27/18 2:00,,,,1,22.49044396,18.63222737,0
7/27/18 2:05,,,,0,22.49309128,18.47700875,0
7/27/18 2:10,,,,0,22.49414242,18.24148888,0
7/27/18 2:15,,,,1,22.49708561,18.12284009,0
7/27/18 2:20,,,,1,22.49968621,17.91647451,0
7/27/18 2:25,,,,1,22.50187415,17.81539956,0
7/27/18 2:30,,,,0,22.50261384,17.81443452,0
7/27/18 2:35,,,,0,22.5027462,17.60268504,0
7/27/18 2:40,,,,0,22.50330681,17.60370087,0
7/27/18 2:45,,,,0,22.50640573,17.60182158,0
7/27/18 2:50,,,,0,22.50790847,17.31622136,0
7/27/18 2:55,,,,0,22.50820435,17.12148701,0
7/27/18 3:00,,,,2,22.51078938,17.12062356,0
7/27/18 3:05,,,,0,22.51231548,16.78829522,0
7/27/18 3:10,,,,1,22.515866,16.63846049,0
7/27/18 3:15,,,,0,22.51847439,16.44291348,0
7/27/18 3:20,,,,0,22.52048323,16.12475595,0
7/27/18 3:25,,,,0,22.52313834,15.98893966,0
7/27/18 3:30,,,,0,22.52500703,15.68434344,0
7/27/18 3:35,,,,0,22.52641634,15.52932799,0
7/27/18 3:40,,,,0,22.52703145,15.39666077,0
7/27/18 3:45,,,,0,22.52760763,15.40026696,0
7/27/18 3:50,,,,0,22.52788015,15.29934438,0
7/27/18 3:55,,,,0,22.52855755,15.29827776,0
7/27/18 4:00,,,,1,22.53166426,15.22859192,0
7/27/18 4:05,,,,0,22.53357967,15.00439854,0
7/27/18 4:10,,,,0,22.53373539,14.93323974,0
7/27/18 4:15,,,,1,22.5359934,14.93613485,0
7/27/18 4:20,,,,0,22.53878087,14.67877467,0
7/27/18 4:25,,,,0,22.53959064,14.55971955,0
7/27/18 4:30,,,,2,22.54252605,14.44675941,0
7/27/18 4:35,,,,0,22.54374848,14.25700261,0
7/27/18 4:40,,,,0,22.54389642,14.26152305,0
7/27/18 4:45,,,,0,22.54454268,14.26025327,0
7/27/18 4:50,,,,0,22.54587412,14.22444531,0
7/27/18 4:55,,,,0,22.54884068,14.10290141,0
7/27/18 5:00,,,,2,22.55214204,13.92345528,0
7/27/18 5:05,,,,0,22.55296738,13.79901627,0
7/27/18 5:10,,,,2,22.55492951,13.74659951,0
7/27/18 5:15,,,,1,22.55995163,13.62779835,0
7/27/18 5:20,,,,0,22.56170353,13.46882117,0
7/27/18 5:25,,,,0,22.56291039,13.4105634,0
7/27/18 5:30,,,,1,22.56456107,13.37130162,0
7/27/18 5:35,,,,0,22.56594702,13.29800959,0
7/27/18 5:40,,,,0,22.56942747,13.2481324,0
7/27/18 5:45,,,,1,22.57479996,13.17367216,0
7/27/18 5:50,,,,1,22.58028926,13.16458049,0
7/27/18 5:55,,,,0,22.5847897,13.14898752,0
7/27/18 6:00,,,,1,22.59060601,13.15477775,0
7/27/18 6:05,,,,1,22.59652354,13.16310754,0
7/27/18 6:10,,,,1,22.60173253,13.16823748,0
7/27/18 6:15,,,,1,22.60391267,13.17870051,0
7/27/18 6:20,,,,0,22.60543877,13.17946238,0
7/27/18 6:25,,,,1,22.60808609,13.18124008,0
7/27/18 6:30,,,,1,22.61440072,13.19398873,0
7/27/18 6:35,,,,1,22.61768651,13.19236341,0
7/27/18 6:40,,,,1,22.62156405,13.19698543,0
7/27/18 6:45,,,,1,22.62477198,13.28861317,0
7/27/18 6:50,,,,0,22.62713121,13.32416717,0
7/27/18 6:55,,,,1,22.63018341,13.36723831,0
7/27/18 7:00,,,,1,22.63195088,13.38760567,0
7/27/18 7:05,,,,0,22.63452034,13.4295086,0
7/27/18 7:10,,,,0,22.63586736,13.43763523,0
7/27/18 7:15,,,,0,22.63683285,13.45414245,0
7/27/18 7:20,,,,0,22.63999406,13.48060478,0
7/27/18 7:25,,,,0,22.64028215,13.48675055,0
7/27/18 7:30,,,,0,22.64173817,13.50559417,0
7/27/18 7:35,,,,0,22.64282046,13.51275576,0
7/27/18 7:40,,,,0,22.6436458,13.51529533,0
7/27/18 7:45,,,,0,22.64479816,13.52773923,0
7/27/18 7:50,,,,1,22.64614518,13.54627811,0
7/27/18 7:55,,,,0,22.6463009,13.54500832,0
7/27/18 8:00,,,,1,22.65025631,13.57837829,0
7/27/18 8:05,,,,0,22.65309828,13.61957014,0
7/27/18 8:10,,,,0,22.65446866,13.62368425,0
7/27/18 8:15,,,,0,22.65581567,13.64303578,0
7/27/18 8:20,,,,1,22.65916375,13.66111753,0
7/27/18 8:25,,,,0,22.66055749,13.67985957,0
7/27/18 8:30,,,,0,22.66181886,13.7028173,0
7/27/18 8:35,,,,0,22.66412358,13.7134835,0
7/27/18 8:40,,,,0,22.66455182,13.72582582,0
7/27/18 8:45,,,,0,22.6656964,13.73984425,0
7/27/18 8:50,,,,1,22.66782983,13.74329807,0
7/27/18 8:55,,,,0,22.66899776,13.76305594,0
7/27/18 9:00,,,,0,22.6715205,13.77971553,0
7/27/18 9:05,,,,0,22.67296874,13.78951827,0
7/27/18 9:10,,,,0,22.67341255,13.78672474,0
7/27/18 9:15,,,,0,22.67411331,13.79246418,0
7/27/18 9:20,,,,0,22.674744,13.79759411,0
7/27/18 9:25,,,,0,22.6759275,13.80175901,0
7/27/18 9:30,,,,0,22.6767217,13.8083111,0
7/27/18 9:35,,,,1,22.67936123,13.83421473,0
7/27/18 9:40,,,,0,22.6800542,13.83660193,0
7/27/18 9:45,,,,0,22.68118321,13.83949704,0
7/27/18 9:50,,,,0,22.68232,13.84122395,0
7/27/18 9:55,,,,0,22.68262366,13.84061445,0
7/27/18 10:00,,,,0,22.684469,13.8604739,0
7/27/18 10:05,,,,0,22.68495953,13.8599152,0
7/27/18 10:10,,,,0,22.68688273,13.86799104,0
7/27/18 10:15,,,,0,22.68768471,13.87220673,0
7/27/18 10:20,,,,0,22.68805845,13.884803,0
7/27/18 10:25,,,,0,22.68877478,13.88632674,0
7/27/18 10:30,,,,0,22.68917188,13.88688545,0
7/27/18 10:35,,,,0,22.69058897,13.8913043,0
7/27/18 10:40,,,,0,22.6910795,13.89602791,0
7/27/18 10:45,,,,0,22.69220851,13.90004043,0
7/27/18 10:50,,,,0,22.69242652,13.90974159,0
7/27/18 10:55,,,,0,22.69258225,13.91136692,0
7/27/18 11:00,,,,0,22.6931195,13.91405887,0
7/27/18 11:05,,,,0,22.6938514,13.9174111,0
7/27/18 11:10,,,,0,22.69411613,13.91730952,0
7/27/18 11:15,,,,0,22.6942485,13.91776664,0
7/27/18 11:20,,,,0,22.69506605,13.91761427,0
7/27/18 11:25,,,,0,22.69520621,13.92980421,0
7/27/18 11:30,,,,0,22.69534636,13.92828047,0
7/27/18 11:35,,,,0,22.6954943,13.92955025,0
7/27/18 11:40,,,,0,22.69564223,13.92919471,0
7/27/18 11:45,,,,0,22.69578239,13.93071845,0
7/27/18 11:50,,,,0,22.6959459,13.92701068,0
7/27/18 11:55,,,,0,22.69663887,13.92909313,0
7/27/18 12:00,,,,0,22.69682574,13.92944867,0
7/27/18 12:05,,,,0,22.69698147,13.92767097,0
7/27/18 12:10,,,,0,22.6972462,13.93569602,0
7/27/18 12:15,,,,0,22.69791581,13.93442623,0
7/27/18 12:20,,,,0,22.69804818,13.94448293,0
7/27/18 12:25,,,,0,22.69855428,13.94504164,0
7/27/18 12:30,,,,0,22.6987723,13.94554955,0
7/27/18 12:35,,,,0,22.69892024,13.94732725,0
7/27/18 12:40,,,,0,22.69906039,13.94900337,0
7/27/18 12:45,,,,0,22.69919275,13.95017157,0
7/27/18 12:50,,,,0,22.69933291,13.94890179,0
7/27/18 12:55,,,,0,22.70006481,13.96327576,0
7/27/18 13:00,,,,0,22.70023611,13.96591692,0
7/27/18 13:05,,,,0,22.70089015,13.96495188,0
7/27/18 13:10,,,,0,22.70152084,13.97013261,0
7/27/18 13:15,,,,0,22.70214374,13.99197292,0
7/27/18 13:20,,,,0,22.70237732,13.99141422,0
7/27/18 13:25,,,,0,22.70268877,13.99314113,0
7/27/18 13:30,,,,0,22.70355304,14.00172488,0
7/27/18 13:35,,,,0,22.70389564,14.00142013,0
7/27/18 13:40,,,,0,22.70409029,14.00172488,0
7/27/18 13:45,,,,0,22.70423044,13.9974584,0
7/27/18 13:50,,,,0,22.70437838,13.99837264,0
7/27/18 13:55,,,,0,22.70451075,13.99735681,0
7/27/18 14:00,,,,0,22.70465869,14.00177567,0
7/27/18 14:05,,,,0,22.70479105,13.99928689,0
7/27/18 14:10,,,,0,22.70493899,14.00009955,0
7/27/18 14:15,,,,0,22.70528159,13.99908372,0
7/27/18 14:20,,,,0,22.70542174,13.9997948,0
7/27/18 14:25,,,,0,22.70564754,14.0045692,0
7/27/18 14:30,,,,0,22.70581105,14.00548344,0
7/27/18 14:35,,,,0,22.70595899,14.00609294,0
7/27/18 14:40,,,,0,22.70659746,14.00375653,0
7/27/18 14:45,,,,0,22.70673761,14.00497553,0
7/27/18 14:50,,,,0,22.70687776,14.0051279,0
7/27/18 14:55,,,,0,22.70755516,14.00385812,0
7/27/18 15:00,,,,0,22.70771089,14.00441682,0
7/27/18 15:05,,,,0,22.7079289,14.00705798,0
7/27/18 15:10,,,,0,22.70856737,14.01416878,0
7/27/18 15:15,,,,0,22.7087776,14.01599727,0
7/27/18 15:20,,,,0,22.70892554,14.0181813,0
7/27/18 15:25,,,,0,22.70907348,14.01548936,0
7/27/18 15:30,,,,0,22.70924478,14.01833368,0
7/27/18 15:35,,,,0,22.70944722,14.01696231,0
7/27/18 15:40,,,,0,22.71035821,14.01599727,0
7/27/18 15:45,,,,2,22.71100446,14.0644523,0
7/27/18 15:50,,,,1,22.7113782,14.06429992,0
7/27/18 15:55,,,,0,22.71152614,14.03778679,0
7/27/18 16:00,,,,0,22.71206339,14.03798996,0
7/27/18 16:05,,,,0,22.71291988,14.05094177,0
7/27/18 16:10,,,,0,22.71317682,14.04850379,0
7/27/18 16:15,,,,0,22.71332476,14.05048465,0
7/27/18 16:20,,,,0,22.7134727,14.04870695,0
7/27/18 16:25,,,,0,22.71362842,14.04885933,0
7/27/18 16:30,,,,0,22.71421239,14.05109415,0
7/27/18 16:35,,,,0,22.71436033,14.05058623,0
7/27/18 16:40,,,,0,22.71450827,14.0501799,0
7/27/18 16:45,,,,0,22.71464842,14.05622408,0
7/27/18 16:50,,,,0,22.71478078,14.05983028,0
7/27/18 16:55,,,,0,22.71507666,14.05632567,0
7/27/18 17:00,,,,0,22.71556719,14.06008423,0
7/27/18 17:05,,,,0,22.71571513,14.06516338,0
7/27/18 17:10,,,,0,22.71619009,14.06790611,0
7/27/18 17:15,,,,0,22.71664169,14.06648395,0
7/27/18 17:20,,,,0,22.71801986,14.07415346,0
7/27/18 17:25,,,,0,22.71840917,14.09005118,0
7/27/18 17:30,,,,1,22.71880627,14.0893401,0
7/27/18 17:35,,,,0,22.71896978,14.09208283,0
7/27/18 17:40,,,,0,22.71921894,14.09248917,0
7/27/18 17:45,,,,0,22.71935909,14.09213363,0
7/27/18 17:50,,,,0,22.71949924,14.09060988,0
7/27/18 17:55,,,,0,22.71963939,14.09132096,0
7/27/18 18:00,,,,0,22.72004428,14.09137175,0
7/27/18 18:05,,,,0,22.72020779,14.09127017,0
7/27/18 18:10,,,,0,22.72034015,14.09030513,0
7/27/18 18:15,,,,0,22.72048809,14.0940637,0
7/27/18 18:20,,,,0,22.72064382,14.09614615,0
7/27/18 18:25,,,,0,22.72079175,14.09269233,0
7/27/18 18:30,,,,0,22.72125114,14.09401291,0
7/27/18 18:35,,,,0,22.72145358,14.10315537,0
7/27/18 18:40,,,,0,22.72171831,14.1058981,0
7/27/18 18:45,,,,0,22.72209984,14.10539019,0
7/27/18 18:50,,,,0,22.72223221,14.10625364,0
7/27/18 18:55,,,,0,22.72238793,14.10554256,0
7/27/18 19:00,,,,0,22.72290961,14.1077266,0
7/27/18 19:05,,,,0,22.72303419,14.10610127,0
7/27/18 19:10,,,,0,22.72628883,14.14287427,0
7/27/18 19:15,,,,0,22.72686501,14.14409326,0
7/27/18 19:20,,,,0,22.72700516,14.14140132,0
7/27/18 19:25,,,,0,22.72738669,14.14246794,0
7/27/18 19:30,,,,0,22.72786944,14.13967441,0
7/27/18 19:35,,,,0,22.72816531,14.13809987,0
7/27/18 19:40,,,,0,22.72932546,14.14099498,0
7/27/18 19:45,,,,0,22.72946561,14.13865858,0
7/27/18 19:50,,,,0,22.72985492,14.13992836,0
7/27/18 19:55,,,,0,22.72999508,14.1397252,0
7/27/18 20:00,,,,0,22.7303766,14.14119815,0
7/27/18 20:05,,,,0,22.73062576,14.13997916,0
7/27/18 20:10,,,,0,22.7307737,14.13977599,0
7/27/18 20:15,,,,0,22.73103843,14.14277268,0
7/27/18 20:20,,,,0,22.73120973,14.14642967,0
7/27/18 20:25,,,,0,22.73137324,14.14729312,0
7/27/18 20:30,,,,0,22.73203507,14.14663283,0
7/27/18 20:35,,,,0,22.73240102,14.15638479,0
7/27/18 20:40,,,,0,22.73254117,14.15816249,0
7/27/18 20:45,,,,0,22.73267354,14.15643558,0
7/27/18 20:50,,,,0,22.73282148,14.15790853,0
7/27/18 20:55,,,,0,22.73296163,14.15729903,0
7/27/18 21:00,,,,0,22.73335094,14.15658795,0
7/27/18 21:05,,,,0,22.73349888,14.15740062,0
7/27/18 21:10,,,,0,22.73363124,14.15592766,0
7/27/18 21:15,,,,3,22.73400498,14.18386295,0
7/27/18 21:20,,,,1,22.73477582,14.1859454,0
7/27/18 21:25,,,,0,22.73491597,14.15831486,0
7/27/18 21:30,,,,0,22.73542986,14.16329242,0
7/27/18 21:35,,,,0,22.73568681,14.16517171,0
7/27/18 21:40,,,,0,22.73582696,14.164613,0
7/27/18 21:45,,,,0,22.73633307,14.16334321,0
7/27/18 21:50,,,,0,22.736481,14.16481617,0
7/27/18 21:55,,,,0,22.73711948,14.16979373,0
7/27/18 22:00,,,,0,22.73825626,14.17116509,0
7/27/18 22:05,,,,0,22.73839642,14.17319675,0
7/27/18 22:10,,,,0,22.73855214,14.17304438,0
7/27/18 22:15,,,,0,22.7392529,14.17197776,0
7/27/18 22:20,,,,0,22.73940084,14.17243488,0
7/27/18 22:25,,,,0,22.73953321,14.17167301,0
7/27/18 22:30,,,,0,22.74024954,14.18086626,0
7/27/18 22:35,,,,0,22.74040526,14.18203446,0
7/27/18 22:40,,,,0,22.74053763,14.18345662,0
7/27/18 22:45,,,,0,22.74068557,14.18452324,0
7/27/18 22:50,,,,0,22.74082572,14.18193288,0
7/27/18 22:55,,,,0,22.74098144,14.18442166,0
7/27/18 23:00,,,,0,22.74161213,14.18574224,0
7/27/18 23:05,,,,0,22.74197808,14.18579303,0
7/27/18 23:10,,,,1,22.74222724,14.18670727,0
7/27/18 23:15,,,,0,22.74296693,14.19757664,0
7/27/18 23:20,,,,0,22.74310709,14.19879563,0
7/27/18 23:25,,,,0,22.74323945,14.19767822,0
7/27/18 23:30,,,,1,22.74363655,14.19859247,0
7/27/18 23:35,,,,0,22.74376891,14.19915117,0
7/27/18 23:40,,,,0,22.74441517,14.20148758,0
7/27/18 23:45,,,,0,22.74614371,14.22784833,0
7/27/18 23:50,,,,0,22.74629165,14.22962603,0
7/27/18 23:55,,,,0,22.74643959,14.2298292,0
7/28/18 0:00,,,,0,22.74702356,14.23064186,0
7/28/18 0:05,,,,1,22.74992782,14.24979023,0
7/28/18 0:10,,,,0,22.7501069,14.25080606,0
7/28/18 0:15,,,,0,22.75054293,14.25984693,0
7/28/18 0:20,,,,0,22.75136049,14.26314838,0
7/28/18 0:25,,,,0,22.75190552,14.26355471,0
7/28/18 0:30,,,,0,22.75232598,14.26355471,0
7/28/18 0:35,,,,0,22.75252842,14.26446896,0
7/28/18 0:40,,,,0,22.75324476,14.26416421,0
7/28/18 0:45,,,,0,22.75343162,14.26284363,0
7/28/18 0:50,,,,0,22.75390658,14.26726248,0
7/28/18 0:55,,,,0,22.75404674,14.26904018,0
7/28/18 1:00,,,,0,22.75546383,14.28549661,0
7/28/18 1:05,,,,0,22.75625803,14.2849379,0
7/28/18 1:10,,,,0,22.75697436,14.29042338,0
7/28/18 1:15,,,,0,22.75715344,14.29255662,0
7/28/18 1:20,,,,0,22.75783863,14.2938264,0
7/28/18 1:25,,,,0,22.75889756,14.29555331,0
7/28/18 1:30,,,,0,22.75931023,14.29941346,0
7/28/18 1:35,,,,0,22.75945817,14.30139433,0
7/28/18 1:40,,,,0,22.75961389,14.30078483,0
7/28/18 1:45,,,,0,22.76082076,14.31764758,0
7/28/18 1:50,,,,0,22.76159938,14.32353939,0
7/28/18 1:55,,,,0,22.76189526,14.3228791,0
7/28/18 2:00,,,,0,22.76401311,14.32694242,0
7/28/18 2:05,,,,0,22.76482288,14.32988832,0
7/28/18 2:10,,,,0,22.76717432,14.33171681,0
7/28/18 2:15,,,,0,22.76835783,14.33405322,0
7/28/18 2:20,,,,0,22.76940118,14.33882761,0
7/28/18 2:25,,,,0,22.77186163,14.35736648,0
7/28/18 2:30,,,,0,22.77358238,14.36848981,0
7/28/18 2:35,,,,0,22.77372254,14.36940405,0
7/28/18 2:40,,,,0,22.77387826,14.36650894,0
7/28/18 2:45,,,,0,22.77554451,14.36955643,0
7/28/18 2:50,,,,0,22.77566909,14.36838823,0
7/28/18 2:55,,,,0,22.77580146,14.36965801,0
7/28/18 3:00,,,,0,22.77765458,14.37524507,0
7/28/18 3:05,,,,0,22.77970236,14.38657156,0
7/28/18 3:10,,,,0,22.78240418,14.39860913,0
7/28/18 3:15,,,,0,22.78495028,14.42446197,0
7/28/18 3:20,,,,0,22.78615714,14.4248683,0
7/28/18 3:25,,,,0,22.78845408,14.42324297,0
7/28/18 3:30,,,,0,22.79097682,14.42273506,0
7/28/18 3:35,,,,0,22.79236277,14.43482342,0
7/28/18 3:40,,,,0,22.79323483,14.43289334,0
7/28/18 3:45,,,,0,22.79402124,14.44315321,0
7/28/18 3:50,,,,0,22.79417696,14.44452458,0
7/28/18 3:55,,,,0,22.79430154,14.44538804,0
7/28/18 4:00,,,,0,22.79685542,14.44711495,0
7/28/18 4:05,,,,0,22.79886427,14.47073296,0
7/28/18 4:10,,,,0,22.80049938,14.47372966,0
7/28/18 4:15,,,,0,22.80206441,14.47281541,0
7/28/18 4:20,,,,0,22.80333356,14.47332332,0
7/28/18 4:25,,,,0,22.80414333,14.47565973,0
7/28/18 4:30,,,,1,22.80583294,14.47891038,0
7/28/18 4:35,,,,0,22.8064792,14.49308119,0
7/28/18 4:40,,,,0,22.80661935,14.49094795,0
7/28/18 4:45,,,,0,22.80675172,14.49018608,0
7/28/18 4:50,,,,1,22.80869828,14.48871313,0
7/28/18 4:55,,,,0,22.80934453,14.50136019,0
7/28/18 5:00,,,,1,22.81304299,14.51253431,0
7/28/18 5:05,,,,0,22.81499734,14.52172756,0
7/28/18 5:10,,,,1,22.8172787,14.54499003,0
7/28/18 5:15,,,,1,22.821748,14.54590428,0
7/28/18 5:20,,,,0,22.82393593,14.55108501,0
7/28/18 5:25,,,,0,22.82410722,14.55621494,0
7/28/18 5:30,,,,1,22.82558661,14.55997351,0
7/28/18 5:35,,,,0,22.82670004,14.56276704,0
7/28/18 5:40,,,,1,22.83084231,14.59237844,0
7/28/18 5:45,,,,1,22.8349768,14.59248002,0
7/28/18 5:50,,,,1,22.84063739,14.59969241,0
7/28/18 5:55,,,,0,22.84320684,14.61716466,0
7/28/18 6:00,,,,1,22.84804988,14.62955777,0
7/28/18 6:05,,,,1,22.85374161,14.65048384,0
7/28/18 6:10,,,,0,22.85895838,14.66704185,0
7/28/18 6:15,,,,1,22.86450218,14.68395539,0
7/28/18 6:20,,,,0,22.86968781,14.69294548,0
7/28/18 6:25,,,,0,22.87459313,14.70589729,0
7/28/18 6:30,,,,1,22.88001235,14.71275413,0
7/28/18 6:35,,,,0,22.88561064,14.73454366,0
7/28/18 6:40,,,,1,22.89224451,14.75323491,0
7/28/18 6:45,,,,1,22.89791289,14.78335423,0
7/28/18 6:50,,,,1,22.90383042,14.79214114,0
7/28/18 6:55,,,,0,22.90566018,14.79859166,0
7/28/18 7:00,,,,0,22.90805056,14.80097885,0
7/28/18 7:05,,,,0,22.90963116,14.81225455,0
7/28/18 7:10,,,,1,22.91013726,14.81540362,0
7/28/18 7:15,,,,0,22.91156214,14.81824794,0
7/28/18 7:20,,,,0,22.91334519,14.81931456,0
7/28/18 7:25,,,,0,22.91511267,14.83759948,0
7/28/18 7:30,,,,0,22.91739403,14.84105329,0
7/28/18 7:35,,,,0,22.91823494,14.84664035,0
7/28/18 7:40,,,,0,22.91846853,14.84857042,0
7/28/18 7:45,,,,0,22.91962089,14.8457261,0
7/28/18 7:50,,,,0,22.92098348,14.8433897,0
7/28/18 7:55,,,,0,22.92213584,14.84724985,0
7/28/18 8:00,,,,1,22.92455736,14.86096353,0
7/28/18 8:05,,,,0,22.92567079,14.86086195,0
7/28/18 8:10,,,,0,22.92630148,14.86670297,0
7/28/18 8:15,,,,0,22.927812,14.8706647,0
7/28/18 8:20,,,,0,22.92899551,14.87645492,0
7/28/18 8:25,,,,0,22.9296807,14.87711521,0
7/28/18 8:30,,,,1,22.93123794,14.87990874,0
7/28/18 8:35,,,,2,22.93559045,14.91175497,0
7/28/18 8:40,,,,0,22.93647808,14.91312633,0
7/28/18 8:45,,,,0,22.93756815,14.91185655,0
7/28/18 8:50,,,,1,22.93914097,14.9216593,0
7/28/18 8:55,,,,0,22.94055027,14.93516982,0
7/28/18 9:00,,,,0,22.94287057,14.93369686,0
7/28/18 9:05,,,,0,22.94361026,14.93186837,0
7/28/18 9:10,,,,0,22.94396064,14.93511902,0
7/28/18 9:15,,,,0,22.94497285,14.93562694,0
7/28/18 9:20,,,,0,22.94547896,14.93247787,0
7/28/18 9:25,,,,0,22.94711407,14.93989342,0
7/28/18 9:30,,,,0,22.94792383,14.94090925,0
7/28/18 9:35,,,,0,22.94979253,14.95213415,0
7/28/18 9:40,,,,0,22.95032199,14.94553127,0
7/28/18 9:45,,,,0,22.95056336,14.96600022,0
7/28/18 9:50,,,,0,22.95151328,14.95822913,0
7/28/18 9:55,,,,0,22.95171573,14.96097186,0
7/28/18 10:00,,,,0,22.95332748,14.96579705,0
7/28/18 10:05,,,,0,22.95346763,14.96361302,0
7/28/18 10:10,,,,0,22.95411389,14.96727,0
7/28/18 10:15,,,,0,22.9547835,14.96508597,0
7/28/18 10:20,,,,0,22.95654319,14.97859649,0
7/28/18 10:25,,,,0,22.95669113,14.98042498,0
7/28/18 10:30,,,,0,22.95685464,14.98098369,0
7/28/18 10:35,,,,0,22.95806929,14.98154239,0
7/28/18 10:40,,,,0,22.95844303,14.98443751,0
7/28/18 10:45,,,,0,22.95922165,14.98509779,0
7/28/18 10:50,,,,0,22.95941631,14.98423434,0
7/28/18 10:55,,,,0,22.9595876,14.98311693,0
7/28/18 11:00,,,,0,22.96024943,14.98418355,0
7/28/18 11:05,,,,0,22.96071661,14.98535175,0
7/28/18 11:10,,,,0,22.96113706,14.98316772,0
7/28/18 11:15,,,,0,22.96126943,14.98301535,0
7/28/18 11:20,,,,0,22.96165874,14.98301535,0
7/28/18 11:25,,,,0,22.96179889,14.9856565,0
7/28/18 11:30,,,,0,22.96193126,14.98118685,0
7/28/18 11:35,,,,0,22.9620792,14.98352326,0
7/28/18 11:40,,,,0,22.96225049,14.98519938,0
7/28/18 11:45,,,,0,22.96292011,14.98855161,0
7/28/18 11:50,,,,0,22.96309141,14.98667233,0
7/28/18 11:55,,,,0,22.96378438,14.99398629,0
7/28/18 12:00,,,,0,22.96424377,14.99942098,0
7/28/18 12:05,,,,0,22.96455522,14.9992686,0
7/28/18 12:10,,,,0,22.96479659,14.99759249,0
7/28/18 12:15,,,,0,22.96562972,15.00866502,0
7/28/18 12:20,,,,0,22.96584773,15.01089984,0
7/28/18 12:25,,,,0,22.96633048,15.00861423,0
7/28/18 12:30,,,,0,22.96669643,15.00251926,0
7/28/18 12:35,,,,0,22.9671091,15.00795394,0
7/28/18 12:40,,,,0,22.96760742,15.01029034,0
7/28/18 12:45,,,,0,22.96809017,15.02293741,0
7/28/18 12:50,,,,0,22.96882207,15.02248029,0
7/28/18 12:55,,,,0,22.96904787,15.02369928,0
7/28/18 13:00,,,,0,22.96933596,15.02288662,0
7/28/18 13:05,,,,0,22.9697097,15.0235977,0
7/28/18 13:10,,,,0,22.97069077,15.02613727,0
7/28/18 13:15,,,,0,22.97083092,15.02512144,0
7/28/18 13:20,,,,0,22.97097886,15.02258187,0
7/28/18 13:25,,,,0,22.97111122,15.02329295,0
7/28/18 13:30,,,,0,22.97129809,15.02263266,0
7/28/18 13:35,,,,0,22.97143046,15.02491828,0
7/28/18 13:40,,,,0,22.9715784,15.02557857,0
7/28/18 13:45,,,,0,22.97177305,15.02207396,0
7/28/18 13:50,,,,0,22.9719132,15.02258187,0
7/28/18 13:55,,,,0,22.97206893,15.02161683,0
7/28/18 14:00,,,,0,22.97221687,15.02410561,0
7/28/18 14:05,,,,0,22.97236481,15.02415641,0
7/28/18 14:10,,,,0,22.97251274,15.02395324,0
7/28/18 14:15,,,,0,22.97266068,15.02380087,0
7/28/18 14:20,,,,0,22.97282419,15.02522303,0
7/28/18 14:25,,,,0,22.97308892,15.02441036,0
7/28/18 14:30,,,,0,22.97324465,15.02248029,0
7/28/18 14:35,,,,0,22.97337702,15.02385166,0
7/28/18 14:40,,,,0,22.97351717,15.02329295,0
7/28/18 14:45,,,,0,22.97368068,15.02435957,0
7/28/18 14:50,,,,0,22.97392984,15.02354691,0
7/28/18 14:55,,,,0,22.97415564,15.02507065,0
7/28/18 15:00,,,,0,22.97432694,15.02750864,0
7/28/18 15:05,,,,0,22.9746851,15.0247659,0
7/28/18 15:10,,,,0,22.97482525,15.02700073,0
7/28/18 15:15,,,,0,22.97507441,15.0271531,0
7/28/18 15:20,,,,0,22.97530021,15.03177512,0
7/28/18 15:25,,,,0,22.97560388,15.03126721,0
7/28/18 15:30,,,,0,22.97574403,15.03141958,0
7/28/18 15:35,,,,0,22.9759854,15.03294332,0
7/28/18 15:40,,,,0,22.97614113,15.03202908,0
7/28/18 15:45,,,,0,22.97628906,15.03355282,0
7/28/18 15:50,,,,0,22.97642922,15.03304491,0
7/28/18 15:55,,,,0,22.97667838,15.03400994,0
7/28/18 16:00,,,,0,22.97709883,15.03345124,0
7/28/18 16:05,,,,0,22.97725456,15.03832721,0
7/28/18 16:10,,,,0,22.97738692,15.04117153,0
7/28/18 16:15,,,,0,22.97752708,15.03847959,0
7/28/18 16:20,,,,0,22.97769059,15.04122233,0
7/28/18 16:25,,,,0,22.97783074,15.04086679,0
7/28/18 16:30,,,,0,22.97821226,15.04051125,0
7/28/18 16:35,,,,0,22.9783602,15.04132391,0
7/28/18 16:40,,,,0,22.97849257,15.03929225,0
7/28/18 16:45,,,,0,22.97863272,15.03995254,0
7/28/18 16:50,,,,0,22.97878066,15.039597,0
7/28/18 16:55,,,,0,22.97902982,15.0402065,0
7/28/18 17:00,,,,0,22.97941913,15.03919067,0
7/28/18 17:05,,,,0,22.97955928,15.04046045,0
7/28/18 17:10,,,,0,22.97978508,15.03731139,0
7/28/18 17:15,,,,0,22.97994081,15.03858117,0
7/28/18 17:20,,,,0,22.98008874,15.03710822,0
7/28/18 17:25,,,,0,22.98036126,15.03964779,0
7/28/18 17:30,,,,0,22.98087515,15.03873355,0
7/28/18 17:35,,,,0,22.98101531,15.04823154,0
7/28/18 17:40,,,,0,22.98126446,15.04934896,0
7/28/18 17:45,,,,0,22.98142019,15.04772363,0
7/28/18 17:50,,,,0,22.98156034,15.04818075,0
7/28/18 17:55,,,,0,22.98170049,15.04843471,0
7/28/18 18:00,,,,0,22.98208981,15.04945054,0
7/28/18 18:05,,,,0,22.98232339,14.97341576,0
7/28/18 18:10,,,,0,22.98261927,14.97118094,0
7/28/18 18:15,,,,0,22.98276721,14.9720444,0
7/28/18 18:20,,,,0,22.98300079,14.97879966,0
7/28/18 18:25,,,,0,22.98328888,14.98139002,0
7/28/18 18:30,,,,0,22.98367041,14.97930757,0
7/28/18 18:35,,,,0,22.98381835,14.97844412,0
7/28/18 18:40,,,,0,22.98395071,14.97890124,0
7/28/18 18:45,,,,0,22.98409865,14.97849491,0
7/28/18 18:50,,,,0,22.98423102,14.97895203,0
7/28/18 18:55,,,,0,22.98437117,14.98220268,0
7/28/18 19:00,,,,0,22.98477605,14.97824095,0
7/28/18 19:05,,,,0,22.98491621,14.98037419,0
7/28/18 19:10,,,,0,22.98505636,14.98027261,0
7/28/18 19:15,,,,0,22.98518872,14.98057736,0
7/28/18 19:20,,,,0,22.98532888,14.98159319,0
7/28/18 19:25,,,,0,22.98547681,14.9791552,0
7/28/18 19:30,,,,0,22.98586613,14.97930757,0
7/28/18 19:35,,,,0,22.98601406,14.98078052,0
7/28/18 19:40,,,,0,22.98615422,14.98062815,0
7/28/18 19:45,,,,0,22.98629437,14.97966311,0
7/28/18 19:50,,,,0,22.98642673,14.98311693,0
7/28/18 19:55,,,,0,22.98657467,14.98413276,0
7/28/18 20:00,,,,0,22.98696398,14.98484384,0
7/28/18 20:05,,,,0,22.98710414,14.97940915,0
7/28/18 20:10,,,,0,22.98861466,14.98179635,0
7/28/18 20:15,,,,0,22.98875482,14.98291376,0
7/28/18 20:20,,,,0,22.98891054,15.02100734,0
7/28/18 20:25,,,,0,22.98905848,15.01841697,0
7/28/18 20:30,,,,0,22.98943222,15.02029626,0
7/28/18 20:35,,,,0,22.99015634,15.02075338,0
7/28/18 20:40,,,,0,22.99029649,15.01811222,0
7/28/18 20:45,,,,0,22.99043664,15.02044863,0
7/28/18 20:50,,,,0,22.99057679,15.01618215,0
7/28/18 20:55,,,,0,22.99071695,15.01369337,0
7/28/18 21:00,,,,0,22.99111404,15.01729956,0
7/28/18 21:05,,,,0,22.99124641,15.01978834,0
7/28/18 21:10,,,,0,22.99139435,15.02009309,0
7/28/18 21:15,,,,0,22.99152671,15.01643611,0
7/28/18 21:20,,,,0,22.99167465,15.0182646,0
7/28/18 21:25,,,,0,22.9918148,15.01968676,0
7/28/18 21:30,,,,0,22.99219633,15.01988992,0
7/28/18 21:35,,,,0,22.99233648,15.01572503,0
7/28/18 21:40,,,,0,22.99247663,15.01948359,0
7/28/18 21:45,,,,0,22.99264793,15.01755352,0
7/28/18 21:50,,,,0,22.99278808,15.0194328,0
7/28/18 21:55,,,,0,22.99346549,15.01724877,0
7/28/18 22:00,,,,0,22.99449327,15.01841697,0
7/28/18 22:05,,,,0,22.99463342,15.01663927,0
7/28/18 22:10,,,,0,22.99476579,15.0176551,0
7/28/18 22:15,,,,0,22.99544319,15.0188741,0
7/28/18 22:20,,,,0,22.99558334,15.01846776,0
7/28/18 22:25,,,,0,22.99573906,15.02029626,0
7/28/18 22:30,,,,0,22.99612059,15.01719798,0
7/28/18 22:35,,,,0,22.99626853,15.01785827,0
7/28/18 22:40,,,,0,22.99640089,15.02044863,0
7/28/18 22:45,,,,0,22.99654105,15.02253108,0
7/28/18 22:50,,,,0,22.9966812,15.01862014,0
7/28/18 22:55,,,,0,22.99682914,15.01785827,0
7/28/18 23:00,,,,0,22.99748318,15.01714719,0
7/28/18 23:05,,,,0,22.9978647,15.01653769,0
7/28/18 23:10,,,,0,22.99870562,15.01750273,0
7/28/18 23:15,,,,0,22.99884577,15.02227712,0
7/28/18 23:20,,,,0,22.99898592,15.01994072,0
7/28/18 23:25,,,,0,22.99912607,15.02044863,0
7/28/18 23:30,,,,0,22.9995076,15.01912805,0
7/28/18 23:35,,,,0,22.99965554,15.02314058,0
7/28/18 23:40,,,,0,22.9997879,15.02095654,0
7/28/18 23:45,,,,0,23.00088576,15.02324216,0
7/28/18 23:50,,,,0,23.00110378,15.02151525,0
7/28/18 23:55,,,,0,23.00123614,15.02110892,0
7/29/18 0:00,,,,0,23.00218606,15.03121641,0
7/29/18 0:05,,,,0,23.00509811,15.04487931,0
7/29/18 0:10,,,,0,23.0053317,15.05310752,0
7/29/18 0:15,,,,0,23.00605582,15.05082191,0
7/29/18 0:20,,,,0,23.00621933,15.05305673,0
7/29/18 0:25,,,,0,23.00659307,15.05341227,0
7/29/18 0:30,,,,0,23.00702131,15.05427572,0
7/29/18 0:35,,,,0,23.00716925,15.05458047,0
7/29/18 0:40,,,,0,23.00787001,15.05158378,0
7/29/18 0:45,,,,3,23.00804909,15.05366623,0
7/29/18 0:50,,,,0,23.00844619,15.05305673,0
7/29/18 0:55,,,,0,23.00859413,15.05178694,0
7/29/18 1:00,,,,0,23.01001901,15.057374,0
7/29/18 1:05,,,,0,23.01021366,15.05427572,0
7/29/18 1:10,,,,0,23.01088328,15.05061874,0
7/29/18 1:15,,,,0,23.01141274,15.04873946,0
7/29/18 1:20,,,,0,23.01210572,15.05524076,0
7/29/18 1:25,,,,0,23.01280648,15.05712004,0
7/29/18 1:30,,,,0,23.01320358,15.0597612,0
7/29/18 1:35,,,,0,23.01335151,15.0633166,0
7/29/18 1:40,,,,0,23.01456617,15.0620976,0
7/29/18 1:45,,,,0,23.0147141,15.06077703,0
7/29/18 1:50,,,,0,23.01486204,15.0810936,0
7/29/18 1:55,,,,0,23.0154538,15.08414109,0
7/29/18 2:00,,,,0,23.01817898,15.09206455,0
7/29/18 2:05,,,,0,23.01872401,15.08916944,0
7/29/18 2:10,,,,0,23.01967393,15.09211534,0
7/29/18 2:15,,,,1,23.02140247,15.09201376,0
7/29/18 2:20,,,,0,23.02579391,15.1273138,0
7/29/18 2:25,,,,0,23.02594963,15.12446948,0
7/29/18 2:30,,,,0,23.02667375,15.12685668,0
7/29/18 2:35,,,,0,23.02682169,15.12462186,0
7/29/18 2:40,,,,0,23.02696184,15.1208125,0
7/29/18 2:45,,,,0,23.02769375,15.12502819,0
7/29/18 2:50,,,,0,23.0282855,15.12858359,0
7/29/18 2:55,,,,0,23.02842565,15.13010733,0
7/29/18 3:00,,,,1,23.0302632,15.12843122,0
7/29/18 3:05,,,,0,23.03249006,15.14077353,0
7/29/18 3:10,,,,0,23.03503616,15.14112907,0
7/29/18 3:15,,,,0,23.03709951,15.15717917,0
7/29/18 3:20,,,,0,23.03881248,15.15687442,0
7/29/18 3:25,,,,0,23.04075125,15.16799774,0
7/29/18 3:30,,,,0,23.04286132,15.1724166,0
7/29/18 3:35,,,,0,23.0444575,15.17261976,0
7/29/18 3:40,,,,0,23.04522833,15.16809932,0
7/29/18 3:45,,,,0,23.04537627,15.17322926,0
7/29/18 3:50,,,,0,23.04550085,15.17739416,0
7/29/18 3:55,,,,0,23.04642741,15.17668308,0
7/29/18 4:00,,,,0,23.04968984,15.18922856,0
7/29/18 4:05,,,,0,23.0516909,15.19095547,0
7/29/18 4:10,,,,0,23.05249289,15.19547591,0
7/29/18 4:15,,,,1,23.05450173,15.19471403,0
7/29/18 4:20,,,,0,23.05582539,15.1955267,0
7/29/18 4:25,,,,0,23.05597333,15.19567907,0
7/29/18 4:30,,,,0,23.05869072,15.19755835,0
7/29/18 4:35,,,,0,23.05911118,15.20746268,0
7/29/18 4:40,,,,0,23.05925133,15.21045938,0
7/29/18 4:45,,,,0,23.06006889,15.21111967,0
7/29/18 4:50,,,,0,23.06083194,15.21137362,0
7/29/18 4:55,,,,0,23.06145484,15.21081492,0
7/29/18 5:00,,,,1,23.06397757,15.21274499,0
7/29/18 5:05,,,,0,23.06610321,15.21193233,0
7/29/18 5:10,,,,0,23.06775389,15.21503061,0
7/29/18 5:15,,,,1,23.07315754,15.24032474,0
7/29/18 5:20,,,,0,23.07593722,15.27227255,0
7/29/18 5:25,,,,0,23.07716744,15.27130751,0
7/29/18 5:30,,,,0,23.0793398,15.2719678,0
7/29/18 5:35,,,,0,23.08032087,15.26978377,0
7/29/18 5:40,,,,0,23.08422955,15.26846319,0
7/29/18 5:45,,,,1,23.08829397,15.26871715,0
7/29/18 5:50,,,,0,23.09207807,15.27455817,0
7/29/18 5:55,,,,0,23.09715469,15.28766235,0
7/29/18 6:00,,,,0,23.10186536,15.2874084,0
7/29/18 6:05,,,,0,23.10694198,15.30620123,0
7/29/18 6:10,,,,0,23.11238456,15.3425171,0
7/29/18 6:15,,,,0,23.11466592,15.34043465,0
7/29/18 6:20,,,,0,23.11703294,15.34353293,0
7/29/18 6:25,,,,0,23.11915858,15.3460725,0
7/29/18 6:30,,,,1,23.12526298,15.37614103,0
7/29/18 6:35,,,,0,23.12705381,15.39193716,0
7/29/18 6:40,,,,1,23.13224723,15.40392394,0
7/29/18 6:45,,,,0,23.13497241,15.41088237,0
7/29/18 6:50,,,,0,23.13659973,15.41540281,0
7/29/18 6:55,,,,1,23.13971422,15.41885662,0
7/29/18 7:00,,,,1,23.14138047,15.42185332,0
7/29/18 7:05,,,,0,23.14218246,15.4225644,0
7/29/18 7:10,,,,0,23.14304673,15.41804396,0
7/29/18 7:15,,,,0,23.14386428,15.42022799,0
7/29/18 7:20,,,,0,23.14579527,15.42307231,0
7/29/18 7:25,,,,0,23.14595878,15.41814554,0
7/29/18 7:30,,,,0,23.14842701,15.42678009,0
7/29/18 7:35,,,,0,23.14933021,15.44780774,0
7/29/18 7:40,,,,0,23.15010105,15.44897594,0
7/29/18 7:45,,,,0,23.15163494,15.44877278,0
7/29/18 7:50,,,,0,23.14898762,15.44394759,0
7/29/18 7:55,,,,0,23.15124563,15.44613162,0
7/29/18 8:00,,,,0,23.15315325,15.44232227,0
7/29/18 8:05,,,,0,23.15409539,15.44161119,0
7/29/18 8:10,,,,0,23.15572271,15.43897003,0
7/29/18 8:15,,,,0,23.15596408,15.44455709,0
7/29/18 8:20,,,,0,23.15756804,15.4652292,0
7/29/18 8:25,,,,0,23.15835445,15.46456891,0
7/29/18 8:30,,,,0,23.1595146,15.46898777,0
7/29/18 8:35,,,,0,23.16114192,15.47234,0
7/29/18 8:40,,,,0,23.16282375,15.48564736,0
7/29/18 8:45,,,,0,23.16374252,15.48671398,0
7/29/18 8:50,,,,0,23.16534649,15.48757743,0
7/29/18 8:55,,,,0,23.16583702,15.49158995,0
7/29/18 9:00,,,,1,23.16826632,15.49153916,0
7/29/18 9:05,,,,0,23.16926296,15.4925042,0
7/29/18 9:10,,,,0,23.1696912,15.48915197,0
7/29/18 9:15,,,,0,23.17054769,15.49326607,0
7/29/18 9:20,,,,0,23.17102265,15.5120589,0
7/29/18 9:25,,,,0,23.17216722,15.51221128,0
7/29/18 9:30,,,,0,23.17334294,15.50860508,0
7/29/18 9:35,,,,0,23.17582675,15.50977329,0
7/29/18 9:40,,,,0,23.17616156,15.50987487,0
7/29/18 9:45,,,,0,23.17658201,15.51078912,0
7/29/18 9:50,,,,0,23.17757086,15.51424293,0
7/29/18 9:55,,,,0,23.17773438,15.51048437,0
7/29/18 10:00,,,,0,23.17911254,15.51551272,0
7/29/18 10:05,,,,0,23.18010918,15.51652855,0
7/29/18 10:10,,,,0,23.18027269,15.51723963,0
7/29/18 10:15,,,,0,23.18100459,15.51795071,0
7/29/18 10:20,,,,0,23.18113696,15.51729042,0
7/29/18 10:25,,,,0,23.1812849,15.51967762,0
7/29/18 10:30,,,,0,23.18150291,15.51906812,0
7/29/18 10:35,,,,0,23.18282657,15.51784913,0
7/29/18 10:40,,,,0,23.18315359,15.51769675,0
7/29/18 10:45,,,,0,23.18386992,15.52760108,0
7/29/18 10:50,,,,0,23.18401008,15.52780425,0
7/29/18 10:55,,,,0,23.18415023,15.52836295,0
7/29/18 11:00,,,,0,23.18462519,15.52871849,0
7/29/18 11:05,,,,0,23.18537267,15.52689,0
7/29/18 11:10,,,,0,23.18553618,15.5286677,0
7/29/18 11:15,,,,1,23.18573083,15.5239441,0
7/29/18 11:20,,,,0,23.18619801,15.51287156,0
7/29/18 11:25,,,,0,23.18635373,15.5132271,0
7/29/18 11:30,,,,0,23.1864861,15.51185574,0
7/29/18 11:35,,,,0,23.18673526,15.51429372,0
7/29/18 11:40,,,,0,23.1869922,15.51581747,0
7/29/18 11:45,,,,0,23.18745938,15.51434452,0
7/29/18 11:50,,,,0,23.18783311,15.51464926,0
7/29/18 11:55,,,,0,23.18813678,15.51485243,0
7/29/18 12:00,,,,0,23.18961616,15.52917561,0
7/29/18 12:05,,,,0,23.18980303,15.53405159,0
7/29/18 12:10,,,,0,23.19001326,15.53247706,0
7/29/18 12:15,,,,0,23.19029356,15.53171519,0
7/29/18 12:20,,,,0,23.19048822,15.53075015,0
7/29/18 12:25,,,,0,23.19104883,15.53075015,0
7/29/18 12:30,,,,0,23.19125127,15.52897245,0
7/29/18 12:35,,,,0,23.19160944,15.53425476,0
7/29/18 12:40,,,,0,23.19209997,15.53242627,0
7/29/18 12:45,,,,0,23.19262165,15.53435634,0
7/29/18 12:50,,,,0,23.19353263,15.4877806,0
7/29/18 12:55,,,,0,23.193665,15.48722189,0
7/29/18 13:00,,,,0,23.19382072,15.48732347,0
7/29/18 13:05,,,,0,23.19396866,15.48701873,0
7/29/18 13:10,,,,0,23.1944592,15.48605369,0
7/29/18 13:15,,,,0,23.19460713,15.48554577,0
7/29/18 13:20,,,,0,23.19476286,15.41672338,0
7/29/18 13:25,,,,0,23.19537797,15.41453935,0
7/29/18 13:30,,,,0,23.19551034,15.41479331,0
7/29/18 13:35,,,,0,23.19565827,15.41667259,0
7/29/18 13:40,,,,0,23.19582179,15.41321877,0
7/29/18 13:45,,,,0,23.19620331,15.40214624,0
7/29/18 13:50,,,,0,23.19670163,15.4030097,0
7/29/18 13:55,,,,0,23.19684957,15.40397473,0
7/29/18 14:00,,,,0,23.19700529,15.40382236,0
7/29/18 14:05,,,,0,23.19723109,15.31163591,0
7/29/18 14:10,,,,0,23.19738682,15.31285491,0
7/29/18 14:15,,,,0,23.19779949,15.31300728,0
7/29/18 14:20,,,,0,23.19793964,15.31249937,0
7/29/18 14:25,,,,0,23.19821994,15.31244857,0
7/29/18 14:30,,,,0,23.19844574,15.31204224,0
7/29/18 14:35,,,,0,23.19872605,15.31331203,0
7/29/18 14:40,,,,0,23.19897521,15.31300728,0
7/29/18 14:45,,,,0,23.19913093,15.31265174,0
7/29/18 14:50,,,,0,23.19927887,15.2358043,0
7/29/18 14:55,,,,0,23.19941902,15.23443293,0
7/29/18 15:00,,,,0,23.19955917,15.23626143,0
7/29/18 15:05,,,,0,23.19969933,15.23575351,0
7/29/18 15:10,,,,0,23.19984727,15.23260444,0
7/29/18 15:15,,,,0,23.1999952,15.22706818,0
7/29/18 15:20,,,,0,23.20013536,15.19913289,0
7/29/18 15:25,,,,0,23.20029108,15.19725361,0
7/29/18 15:30,,,,0,23.20042345,15.20019951,0
7/29/18 15:35,,,,0,23.20057917,15.19689807,0
7/29/18 15:40,,,,0,23.20082054,15.19496799,0
7/29/18 15:45,,,,0,23.20095291,15.1326469,0
7/29/18 15:50,,,,0,23.20109306,15.13218978,0
7/29/18 15:55,,,,0,23.201241,15.13254532,0
7/29/18 16:00,,,,0,23.20163031,15.13340878,0
7/29/18 16:05,,,,0,23.20177825,15.07606525,0
7/29/18 16:10,,,,0,23.20191062,15.07763978,0
7/29/18 16:15,,,,0,23.20205077,15.07885878,0
7/29/18 16:20,,,,0,23.20219092,15.07830007,0
7/29/18 16:25,,,,0,23.20233107,15.07799532,0
7/29/18 16:30,,,,0,23.20272817,15.07936669,0
7/29/18 16:35,,,,0,23.20296954,15.00094472,0
7/29/18 16:40,,,,0,23.20323427,15.00536358,0
7/29/18 16:45,,,,0,23.20363916,15.00439854,0
7/29/18 16:50,,,,0,23.20388053,14.95370869,0
7/29/18 16:55,,,,0,23.20416862,14.95314998,0
7/29/18 17:00,,,,0,23.20455793,14.94862955,0
7/29/18 17:05,,,,0,23.20469809,14.87229002,0
7/29/18 17:10,,,,0,23.20483824,14.87269635,0
7/29/18 17:15,,,,0,23.20497839,14.87168053,0
7/29/18 17:20,,,,0,23.20511854,14.87305189,0
7/29/18 17:25,,,,0,23.20525091,14.83419645,0
7/29/18 17:30,,,,0,23.20564801,14.83257112,0
7/29/18 17:35,,,,0,23.2057648,14.83180925,0
7/29/18 17:40,,,,0,23.20590495,14.82967601,0
7/29/18 17:45,,,,0,23.20606068,14.77319594,0
7/29/18 17:50,,,,0,23.20620083,14.77731005,0
7/29/18 17:55,,,,0,23.20634098,14.77609105,0
7/29/18 18:00,,,,0,23.20673029,14.77731005,0
7/29/18 18:05,,,,0,23.20687044,14.70594808,0
7/29/18 18:10,,,,0,23.20701838,14.70086894,0
7/29/18 18:15,,,,0,23.20715853,14.70259585,0
7/29/18 18:20,,,,0,23.2072909,14.70503384,0
7/29/18 18:25,,,,0,23.20743105,14.7058465,0
7/29/18 18:30,,,,0,23.20782036,14.643627,0
7/29/18 18:35,,,,0,23.20796052,14.64515074,0
7/29/18 18:40,,,,0,23.20810067,14.64474441,0
7/29/18 18:45,,,,0,23.20824861,14.59364823,0
7/29/18 18:50,,,,0,23.20838876,14.59308952,0
7/29/18 18:55,,,,0,23.2085367,14.62549445,0
7/29/18 19:00,,,,0,23.20892601,14.62219301,0
7/29/18 19:05,,,,0,23.20906616,14.58618189,0
7/29/18 19:10,,,,0,23.2092141,14.58653743,0
7/29/18 19:15,,,,0,23.20935425,14.58455656,0
7/29/18 19:20,,,,0,23.20948662,14.58699455,0
7/29/18 19:25,,,,0,23.20962677,14.55580861,0
7/29/18 19:30,,,,0,23.21001608,14.55342141,0
7/29/18 19:35,,,,0,23.21016402,14.55276112,0
7/29/18 19:40,,,,0,23.21030417,14.50659171,0
7/29/18 19:45,,,,0,23.21045211,14.50684567,0
7/29/18 19:50,,,,0,23.21057669,14.50821704,0
7/29/18 19:55,,,,0,23.21072463,14.50674409,0
7/29/18 20:00,,,,0,23.21111394,14.50953762,0
7/29/18 20:05,,,,0,23.21126188,14.4723075,0
7/29/18 20:10,,,,0,23.21140982,14.47113929,0
7/29/18 20:15,,,,0,23.21154218,14.46910764,0
7/29/18 20:20,,,,0,23.21169012,14.43980098,0
7/29/18 20:25,,,,0,23.21183027,14.44137551,0
7/29/18 20:30,,,,0,23.21222737,14.43619479,0
7/29/18 20:35,,,,0,23.21236752,14.39378394,0
7/29/18 20:40,,,,0,23.21250767,14.39231099,0
7/29/18 20:45,,,,0,23.21264783,14.3946474,0
7/29/18 20:50,,,,0,23.21278019,14.36909931,0
7/29/18 20:55,,,,0,23.21292813,14.36803269,0
7/29/18 21:00,,,,0,23.21331744,14.3703183,0
7/29/18 21:05,,,,0,23.21347317,14.34116402,0
7/29/18 21:10,,,,0,23.21360553,14.34461784,0
7/29/18 21:15,,,,0,23.21374568,14.34370359,0
7/29/18 21:20,,,,0,23.21388584,14.34329726,0
7/29/18 21:25,,,,0,23.21402599,14.3039339,0
7/29/18 21:30,,,,0,23.2144153,14.30515289,0
7/29/18 21:35,,,,0,23.21454767,14.3021562,0
7/29/18 21:40,,,,0,23.2146956,14.27914768,0
7/29/18 21:45,,,,0,23.21484354,14.27625257,0
7/29/18 21:50,,,,0,23.21499148,14.27874135,0
7/29/18 21:55,,,,0,23.21567667,14.25400592,0
7/29/18 22:00,,,,0,23.21670445,14.21428702,0
7/29/18 22:05,,,,0,23.21685239,14.1752792,0
7/29/18 22:10,,,,0,23.21699254,14.15719745,0
7/29/18 22:15,,,,0,23.21770109,14.13545872,0
7/29/18 22:20,,,,0,23.21784124,14.1361698,0
7/29/18 22:25,,,,0,23.21798139,14.10427278,0
7/29/18 22:30,,,,0,23.2183707,14.10391724,0
7/29/18 22:35,,,,0,23.2189936,14.08248325,0
7/29/18 22:40,,,,0,23.21914154,14.05124652,0
7/29/18 22:45,,,,0,23.21927391,14.05251631,0
7/29/18 22:50,,,,0,23.21942184,14.04936724,0
7/29/18 22:55,,,,0,23.219562,14.03133628,0
7/29/18 23:00,,,,0,23.22019268,14.03189499,0
7/29/18 23:05,,,,0,23.22056642,14.01244187,0
7/29/18 23:10,,,,0,23.22141512,13.99060155,0
7/29/18 23:15,,,,0,23.22156306,13.95509834,0
7/29/18 23:20,,,,0,23.22170321,13.95423489,0
7/29/18 23:25,,,,0,23.22184336,13.92762018,0
7/29/18 23:30,,,,0,23.22223267,13.92645197,0
7/29/18 23:35,,,,0,23.22237283,13.91558261,0
7/29/18 23:40,,,,0,23.22251298,13.91395728,0
7/29/18 23:45,,,,0,23.22424931,13.91278908,0
7/29/18 23:50,,,,0,23.22439724,13.86331822,0
7/29/18 23:55,,,,0,23.2245374,13.86103261,0